frame_start	frame_end	Left-Lateral-Ventricle	Left-Inf-Lat-Vent	Left-Cerebellum-White-Matter	Left-Cerebellum-Cortex	Left-Thalamus	Left-Caudate	Left-Putamen	Left-Pallidum	3rd-Ventricle	4th-Ventricle	Brain-Stem	Left-Hippocampus	Left-Amygdala	CSF	Left-Accumbens-area	Left-VentralDC	Left-vessel	Left-choroid-plexus	Right-Lateral-Ventricle	Right-Inf-Lat-Vent	Right-Cerebellum-White-Matter	Right-Cerebellum-Cortex	Right-Thalamus	Right-Caudate	Right-Putamen	Right-Pallidum	Right-Hippocampus	Right-Amygdala	Right-Accumbens-area	Right-VentralDC	Right-vessel	Right-choroid-plexus	Optic-Chiasm	CC_Posterior	CC_Mid_Posterior	CC_Central	CC_Mid_Anterior	CC_Anterior	ctx-lh-bankssts	ctx-lh-caudalanteriorcingulate	ctx-lh-caudalmiddlefrontal	ctx-lh-cuneus	ctx-lh-entorhinal	ctx-lh-fusiform	ctx-lh-inferiorparietal	ctx-lh-inferiortemporal	ctx-lh-isthmuscingulate	ctx-lh-lateraloccipital	ctx-lh-lateralorbitofrontal	ctx-lh-lingual	ctx-lh-medialorbitofrontal	ctx-lh-middletemporal	ctx-lh-parahippocampal	ctx-lh-paracentral	ctx-lh-parsopercularis	ctx-lh-parsorbitalis	ctx-lh-parstriangularis	ctx-lh-pericalcarine	ctx-lh-postcentral	ctx-lh-posteriorcingulate	ctx-lh-precentral	ctx-lh-precuneus	ctx-lh-rostralanteriorcingulate	ctx-lh-rostralmiddlefrontal	ctx-lh-superiorfrontal	ctx-lh-superiorparietal	ctx-lh-superiortemporal	ctx-lh-supramarginal	ctx-lh-frontalpole	ctx-lh-temporalpole	ctx-lh-transversetemporal	ctx-lh-insula	ctx-rh-bankssts	ctx-rh-caudalanteriorcingulate	ctx-rh-caudalmiddlefrontal	ctx-rh-cuneus	ctx-rh-entorhinal	ctx-rh-fusiform	ctx-rh-inferiorparietal	ctx-rh-inferiortemporal	ctx-rh-isthmuscingulate	ctx-rh-lateraloccipital	ctx-rh-lateralorbitofrontal	ctx-rh-lingual	ctx-rh-medialorbitofrontal	ctx-rh-middletemporal	ctx-rh-parahippocampal	ctx-rh-paracentral	ctx-rh-parsopercularis	ctx-rh-parsorbitalis	ctx-rh-parstriangularis	ctx-rh-pericalcarine	ctx-rh-postcentral	ctx-rh-posteriorcingulate	ctx-rh-precentral	ctx-rh-precuneus	ctx-rh-rostralanteriorcingulate	ctx-rh-rostralmiddlefrontal	ctx-rh-superiorfrontal	ctx-rh-superiorparietal	ctx-rh-superiortemporal	ctx-rh-supramarginal	ctx-rh-frontalpole	ctx-rh-temporalpole	ctx-rh-transversetemporal	ctx-rh-insula	wm-lh-bankssts	wm-lh-caudalanteriorcingulate	wm-lh-caudalmiddlefrontal	wm-lh-cuneus	wm-lh-entorhinal	wm-lh-fusiform	wm-lh-inferiorparietal	wm-lh-inferiortemporal	wm-lh-isthmuscingulate	wm-lh-lateraloccipital	wm-lh-lateralorbitofrontal	wm-lh-lingual	wm-lh-medialorbitofrontal	wm-lh-middletemporal	wm-lh-parahippocampal	wm-lh-paracentral	wm-lh-parsopercularis	wm-lh-parsorbitalis	wm-lh-parstriangularis	wm-lh-pericalcarine	wm-lh-postcentral	wm-lh-posteriorcingulate	wm-lh-precentral	wm-lh-precuneus	wm-lh-rostralanteriorcingulate	wm-lh-rostralmiddlefrontal	wm-lh-superiorfrontal	wm-lh-superiorparietal	wm-lh-superiortemporal	wm-lh-supramarginal	wm-lh-frontalpole	wm-lh-temporalpole	wm-lh-transversetemporal	wm-lh-insula	wm-rh-bankssts	wm-rh-caudalanteriorcingulate	wm-rh-caudalmiddlefrontal	wm-rh-cuneus	wm-rh-entorhinal	wm-rh-fusiform	wm-rh-inferiorparietal	wm-rh-inferiortemporal	wm-rh-isthmuscingulate	wm-rh-lateraloccipital	wm-rh-lateralorbitofrontal	wm-rh-lingual	wm-rh-medialorbitofrontal	wm-rh-middletemporal	wm-rh-parahippocampal	wm-rh-paracentral	wm-rh-parsopercularis	wm-rh-parsorbitalis	wm-rh-parstriangularis	wm-rh-pericalcarine	wm-rh-postcentral	wm-rh-posteriorcingulate	wm-rh-precentral	wm-rh-precuneus	wm-rh-rostralanteriorcingulate	wm-rh-rostralmiddlefrontal	wm-rh-superiorfrontal	wm-rh-superiorparietal	wm-rh-superiortemporal	wm-rh-supramarginal	wm-rh-frontalpole	wm-rh-temporalpole	wm-rh-transversetemporal	wm-rh-insula	Left-UnsegmentedWhiteMatter	Right-UnsegmentedWhiteMatter
0	30	432.69248	325.01658	462.20388	673.86288	663.64274	641.63155	721.5921	425.40931	566.00481	346.12336	477.07366	674.9618	611.8735	926.57394	759.87992	635.30622	165.79421	862.06942	441.23456	238.16209	502.78101	623.54265	768.3262	535.43117	804.61054	611.76632	430.00558	429.4492	821.8999	712.14971	334.69548	562.68773	739.56688	296.99076	350.79465	257.20535	221.58487	592.32171	703.16739	893.6974	738.64587	955.89121	498.33438	597.24172	772.05072	447.34799	736.47425	684.7338	565.79302	763.93996	811.32276	513.37114	582.57031	710.9285	782.14139	521.71048	894.85943	884.70806	667.81809	752.12934	712.1238	815.89459	888.28732	799.52582	745.22223	663.68266	673.77654	831.74902	534.81863	174.55166	912.55343	1080.32818	683.02516	951.0028	681.57657	1092.85578	810.49884	469.21272	701.56719	538.23616	651.54492	696.06218	704.3392	782.09606	755.74311	536.2442	528.09116	683.19905	945.25144	621.83935	887.59776	920.16155	634.85717	751.75878	675.28133	882.9647	846.31986	763.347	745.8006	695.2326	654.85498	831.5047	821.43298	229.10572	887.09756	853.45603	403.45626	500.66127	582.33038	868.80347	570.72921	447.66107	590.31496	388.13795	453.57908	598.36003	413.75205	666.29719	644.71189	418.89189	667.79304	606.54455	587.38794	415.70385	599.61912	739.6681	593.76348	368.18884	490.61723	551.84749	557.47148	514.62819	557.24944	535.63121	505.91234	514.79073	507.50267	270.24698	620.99238	634.96759	464.93352	394.35225	459.34191	972.98	712.58919	372.46108	559.20854	490.92411	423.32175	597.53186	575.47443	707.02051	550.85147	416.42723	445.19995	446.39521	612.91575	564.64131	690.78496	680.52347	515.39429	522.94237	425.89406	603.85124	533.0956	545.3063	537.68997	529.15888	523.89192	541.42674	1031.58099	275.97355	604.58542	609.51045	354.39959	353.46728
30	60	4498.14831	4034.68486	6038.34584	7802.92845	7508.959	7246.77504	9141.62169	6256.31929	6379.62624	4472.75297	5685.9253	6459.46768	5769.98458	8220.7547	7561.25385	6428.75975	4957.51185	6776.16704	4520.79512	4905.01608	5614.68239	7760.82174	8251.3347	7249.91703	8509.20135	6049.55123	5932.19235	6114.41987	7590.1174	6718.46739	6993.01953	6563.71654	4647.58078	3959.68468	4956.93773	2639.66873	3120.92743	3728.65374	7069.6863	6922.67579	7483.68277	10088.92682	6148.98557	7350.52979	7551.35919	6347.56182	7233.00266	7934.01357	6937.286	9186.54266	8115.55207	5683.50375	6178.22518	7316.72115	8288.10478	5962.69893	8484.35321	9412.43042	7472.98512	7189.31529	7435.83686	8414.18302	7704.40767	8175.62733	7513.64531	7132.09267	6858.03967	8009.23572	7292.7425	4168.66706	9453.17609	8388.65909	6818.46782	6978.35057	7824.14946	10184.81406	6755.9613	6826.93549	7678.47874	6279.57763	7871.52294	8199.16687	7045.36157	8863.66346	7609.79919	6353.84472	6409.87348	7760.16464	8920.77482	6666.36923	8019.69578	9831.37744	7455.43787	7755.09591	7435.93628	8832.68426	8024.44937	8065.7945	7934.46908	7198.05809	6842.3888	8217.8169	7597.05353	4340.34334	8795.32463	7998.62616	4844.211	3454.94553	5045.00343	8753.92131	5463.45668	5699.29869	5519.81698	5560.67835	4818.14024	6712.64422	5703.55604	8064.01325	6896.35087	5330.05564	6144.55418	5266.22042	6492.69788	6798.69594	6276.41252	7592.91908	6899.4139	3902.25809	5048.53416	5999.90667	4779.32476	5746.65072	5348.23841	5521.20852	5723.66367	5871.8603	7781.21961	5317.82236	6901.39393	6130.85721	4645.18803	3583.83096	4983.66418	8872.98645	5521.11683	5936.68975	5745.5639	6073.61093	5273.69116	7039.34211	6070.31679	7891.40587	6005.01557	5490.18181	5790.67516	5362.51298	6316.53562	6940.20315	6000.44861	7671.47908	6650.07143	4211.45163	5166.7851	6197.65659	4986.79989	5425.68758	5545.55606	5641.69843	6105.55434	5634.76126	8831.9951	5007.8252	7440.81614	5923.6736	3836.53641	3747.55999
60	90	10251.43516	11094.17774	13600.57719	18103.64842	17205.04439	17917.3177	19329.84531	14087.11451	13580.07157	10819.21409	12594.80982	14727.25919	12657.6727	18432.36414	17778.42367	13366.01246	11268.93617	15189.05836	10476.46284	12540.35167	13364.92764	17797.25306	18320.04915	16718.13832	19185.94947	14240.792	14034.21291	12009.43919	15940.97547	13820.24612	10057.61414	16775.24398	8794.16105	8525.45779	11389.32305	5794.13389	5413.86447	8608.59032	16138.18282	16491.6278	17260.73899	23068.48809	13066.82716	16013.32333	17739.2337	14838.49434	15464.45478	18450.95247	16272.85821	20671.26358	16656.86604	13791.09916	14015.47179	16876.54455	18958.07503	14131.12482	18389.43646	23498.78097	17589.50198	15831.7193	16972.94562	19363.34111	16015.16742	18563.38336	17833.14863	16471.57264	15794.18842	18941.57045	17257.46339	10649.94976	20495.41514	17675.53614	17876.23082	16352.07517	18786.17755	22531.53936	14012.49554	14757.89772	17940.72722	13871.28988	17289.23875	18240.80968	16214.09167	19179.15362	17364.3939	14439.42891	13167.37859	17474.24604	19976.85824	16144.78233	19105.48269	22003.91749	17494.77296	16992.21818	17382.05596	20267.26471	17806.12913	18447.39084	18157.27042	17122.85814	15720.36534	18885.25593	15587.91202	9601.35579	18768.8819	17086.80349	10347.11051	8470.46079	11626.29777	21077.5738	13847.95907	13621.31829	13250.66047	13783.48828	10176.82542	16525.57156	14610.8687	18493.4845	14830.17893	13376.76881	13175.98737	12199.99478	16144.68201	15931.82146	14344.94462	18819.2259	16149.36641	8292.22551	11728.83782	13796.83919	9838.62314	13251.9139	12922.73295	12796.49968	13523.80919	13944.45018	18281.4987	13710.91058	15270.48867	13815.15407	11552.41406	8168.4796	12130.30225	20769.90465	13879.3211	13796.04453	13485.79937	14099.72975	10658.30154	16774.40847	13951.3935	17374.95245	13975.57639	12857.6262	13278.98306	12546.05077	14937.03882	17436.36179	14059.89991	18229.91757	15631.02255	9945.07392	12226.20722	14028.94868	10730.81162	12941.5128	12632.44463	13398.68999	13688.0452	13552.90342	19098.25413	11511.22858	15384.66702	13414.12535	8794.42089	8781.72324
90	120	15296.9078	17236.13048	20997.0878	27424.12805	26612.79874	28007.63486	30120.58766	21720.52559	20619.96778	17379.5162	18950.45914	23048.00674	19501.05687	26562.16511	25348.94945	19933.05507	15419.10724	23940.18796	16515.39141	18009.32697	20922.23761	27091.25007	28031.77283	25715.56526	28134.32998	23177.71404	21380.57212	18822.99835	22459.39233	20233.0691	17957.44336	25779.52656	13596.75007	10700.51688	13434.94279	9096.20866	8050.72145	13639.89441	25700.71458	25113.7906	27450.71674	33402.03041	19509.13373	24203.12342	27084.22439	22462.13909	22845.0623	28013.72743	23859.8981	29832.71692	27003.75558	21499.65158	21241.29248	26480.78422	27972.14783	22303.04068	26990.72179	34501.64905	26874.6104	23610.26718	25663.56339	30091.36833	24329.09904	28890.56398	27461.5666	25728.41529	23560.58866	27967.94322	25126.43105	15223.36027	30196.01904	27131.17464	25689.97399	23705.16999	28452.8747	34447.5938	19606.33963	23042.22986	27090.17225	21694.18053	25524.52028	28295.63678	24186.45154	29052.79616	26064.54574	22186.01662	20856.74518	27739.19429	28427.29548	23998.47251	28929.27173	34967.98055	26901.99195	25819.0556	26500.58314	30174.35025	27327.50663	28561.77343	27425.65801	26443.78199	23576.7032	28181.52832	22438.30109	14798.22176	27572.1817	25099.83318	17343.59132	12541.43561	18688.99605	30967.48969	20439.32161	20188.60724	20238.64616	21426.78097	15103.13586	25318.73965	22102.97303	27131.31445	23516.11904	21022.23645	22091.81718	19472.64851	24149.0836	27448.21567	21996.57484	28712.67943	25457.55584	13003.27076	18537.03819	21918.91963	15290.6261	21078.72727	20259.6133	19704.02125	20466.13732	21138.82088	26860.61569	19502.08898	21328.69679	21925.23454	17965.15347	13490.96335	18907.45279	31280.44904	21109.17369	20483.85774	20471.35115	22169.06897	17420.49454	26173.95667	21815.34039	27219.37859	21670.00923	20200.39412	20316.00471	19196.08083	22914.38072	26597.14867	22289.67029	27849.30218	24360.92859	14828.48672	18596.00957	21775.83058	16050.72046	20404.07588	19605.19793	20568.26697	21370.81896	21000.48244	27169.26609	18144.75791	23272.10314	20608.67977	13828.84268	13886.47987
120	150	19871.58322	21791.44986	27795.38917	35065.58609	34257.70996	34622.24752	39738.85309	29940.00837	26645.11792	22678.80753	24796.43659	28678.18214	26656.79014	33326.57752	32726.79674	24984.19007	27687.63228	28534.00957	21233.53308	25482.48476	26785.39154	35023.93262	36740.27018	32034.36866	37241.20809	28839.19521	27025.46296	25307.5795	31086.85557	24525.89513	23852.16284	31942.19468	12609.281	13389.094	18091.14732	11377.40726	13061.542	16719.82569	32160.50978	30936.9536	35162.94444	43445.03178	23857.22917	31453.10364	35417.81231	28833.16447	28008.60301	34982.28061	31666.06506	38171.45544	32530.89112	28098.95073	27741.61856	33666.26687	35757.495	29592.87911	35847.52476	43568.87606	35145.99021	31290.90035	33253.76218	38234.23695	32134.79422	36686.452	34687.66044	33038.3809	30339.4578	35363.69304	32926.13743	18598.23319	38123.6452	33430.99033	32636.01216	29678.4011	35591.14754	42610.84115	23666.32235	30162.14971	34614.76643	27727.63152	30915.36274	35351.95639	31300.20764	36417.32642	33364.11763	28431.18829	25829.8578	34937.82873	34890.77158	30364.8412	36148.09862	43973.94591	34119.05688	31991.03253	33137.6945	38098.47529	34502.67631	35850.25465	34341.96064	32874.54336	29756.00998	35520.79333	28620.81847	19103.20986	35465.30368	32133.68651	21936.0285	17237.45408	23451.78745	40527.99547	25752.72465	27442.94334	26473.3678	27784.88861	19012.82344	31434.98172	29120.50153	35995.26954	28934.07877	26938.9332	27022.67212	24989.32092	30809.56049	34388.48968	27651.63641	36056.39645	33450.56429	17797.9285	23644.76775	28054.72208	20460.26309	26471.72982	25593.50418	25675.55915	26561.54187	27125.98566	37110.11002	23507.30388	30527.91525	28170.63282	22406.52849	17054.29928	23353.89862	39540.79992	25743.69351	27996.53618	26150.65196	28625.8837	20859.664	32636.50038	29063.01842	34450.94968	27786.24052	25875.06131	26404.44568	24474.47471	29017.6764	33567.49211	28803.5371	36669.8494	30927.46751	18518.08445	23735.72792	27312.9165	20399.53195	26208.46231	24816.44624	25538.89909	27510.62282	26697.32485	35320.50969	23344.75018	29022.35887	27111.8419	17672.61784	17679.80766
150	180	20298.61473	24329.76412	28512.98838	35873.33704	35302.75646	37913.50139	41120.02137	30108.0417	28951.00108	22880.86765	26223.50469	28336.41139	25392.0114	33380.86741	34036.4396	25240.93392	23857.99201	28063.17977	20080.48324	23963.44699	27357.7302	35757.45732	36710.28418	32903.1457	39438.9144	29475.36916	27790.1525	24817.91185	30649.22765	25830.1212	26779.35742	30767.30369	11098.36891	13944.62395	16970.47612	12165.17379	11426.53408	16243.31318	32380.71077	31126.20769	36097.01685	45133.89555	24164.93285	31624.03663	35858.76368	30052.91844	29194.84125	36512.44161	31991.2569	39254.07676	34230.23516	28466.47317	27524.0024	34902.14497	35922.97	29108.05388	35875.62841	46172.6198	35265.76902	31421.55863	33957.40714	39269.67054	32900.94716	38582.315	35919.6608	34101.70984	30755.10373	36115.82616	33412.85833	20506.13749	37280.08263	33370.89421	34471.65544	29395.73795	36817.91851	43871.90835	24687.31636	30686.71472	35758.03303	28508.63587	32159.79062	36197.50835	31119.01817	37141.69497	34299.26979	29991.27925	27498.3761	34186.21867	36232.97957	31563.3435	37127.09692	43406.95739	34769.33394	33083.85007	34576.78598	38666.50825	35370.94514	36709.44482	35578.39555	34169.98989	31266.73465	36054.07553	29957.73994	19710.72867	37841.61093	32036.8213	22124.95526	17869.11202	24589.89442	42862.84454	28772.07819	28216.21034	26947.17855	30148.91141	19447.38771	33211.73924	30158.43735	36558.33382	30336.7708	27798.34096	27511.03651	25349.5251	30610.40838	35555.69136	28718.19608	38809.67516	33952.36435	17305.63252	24105.94783	29362.49823	20960.65576	28627.911	26993.40498	26919.98278	26818.63552	27698.34843	40074.21382	27117.61456	29400.44661	28824.32557	23822.38645	16388.62325	24682.92586	41173.70184	27553.98632	28083.68407	27203.79769	29976.40817	21169.70624	34052.72146	29573.21704	34873.54854	29225.26051	26880.94338	27285.84504	23582.27086	30324.61518	35112.47367	29327.47854	35891.4839	31658.51733	19060.42291	25248.12767	28442.80752	21286.39998	27265.14279	25768.63541	27030.62295	28874.14658	27660.97286	39222.00829	23630.14845	34832.62586	27614.97045	18224.0725	18224.48508
180	240	19091.82701	24063.41573	27994.38195	34879.17678	35677.70525	36021.50391	40720.71504	30856.23481	29010.72541	23448.22628	25500.83231	28666.04578	26725.37539	33506.14883	35361.55643	24705.09329	26510.58718	27959.55889	19333.42215	24614.2481	27227.27042	34891.34809	37470.55295	32835.04438	38409.22773	30483.98831	28166.74426	25434.79882	29456.37621	24368.63386	27122.91162	28713.61938	11453.83598	13121.26608	15732.72817	11142.38942	10516.41528	16402.94701	33133.28057	30053.47102	34390.71741	41498.22074	24391.21043	30815.15776	34717.66559	29888.52869	28297.75723	34959.433	31169.7817	36437.78553	33396.87754	29361.51622	26705.02816	34073.91645	34848.8545	28274.40962	35480.80047	42321.44934	34344.16533	31389.90622	33352.66978	37253.68832	32821.97159	36857.25052	34629.14528	33522.90573	30760.46516	34552.5077	31681.82082	20667.92765	37477.94701	33502.89655	33952.96318	28089.3839	35528.04973	41545.97588	24474.23989	30127.58293	34980.85296	27687.26909	29706.89835	34846.77739	30821.36637	35764.78669	33733.82014	29074.74261	26819.68141	33895.38152	34895.44639	29220.52237	35585.39482	41870.87442	34044.67066	32760.7368	33691.85345	37508.11523	33779.30081	36083.59745	34527.06941	33367.77642	30192.46389	34662.99263	29779.5944	19898.45159	34754.40093	31247.88918	22206.53198	16006.87315	24253.49501	38928.61593	28396.29489	27330.47098	26198.4111	29177.06671	19266.17288	31820.43973	30216.51845	34637.25384	30682.98576	28648.53591	26589.27737	25592.00302	30931.24027	36028.54741	29244.15972	35076.9582	33004.79959	17261.86462	24247.10207	27224.67617	21645.86847	27802.90901	26147.65975	25961.56366	27083.7518	27138.82148	37122.00589	26501.02281	29128.47062	28932.20055	23260.05286	16630.34668	23958.9286	39070.78852	27607.77217	27878.76994	27016.99636	29466.34028	20030.00895	33071.1759	29276.04816	34228.06101	28393.03026	26707.20041	27011.56532	23968.7316	28840.66894	33912.7836	28933.37666	34892.83436	31186.71433	18825.94902	24714.66529	27536.72946	20896.20691	26758.56367	25420.53636	26458.87518	28388.29066	26672.06967	38264.10747	23451.12648	31157.42449	27369.86341	18342.90552	18225.75808
240	300	17327.13063	21947.15927	26268.86543	32822.84078	33560.91563	34215.07489	38572.57747	29050.00119	27290.42522	20421.18244	23676.44736	26180.29389	25136.01784	29233.99596	32912.6149	24221.55384	22799.41939	25741.57882	18140.07441	23364.47293	25336.78937	32594.21156	35714.23882	31154.89873	36855.88368	29834.95108	27072.37019	26183.677	28193.54598	23212.66443	24383.24561	26820.81842	9944.87903	13115.09907	15424.55007	10410.6854	10561.69473	15791.94165	31248.68915	29162.85289	31581.41563	38439.5351	23448.79421	29662.94097	33140.87872	28328.64755	26601.28338	33298.724	29163.40247	34138.65336	31090.71834	27685.96869	25956.36622	31676.13759	32804.05852	26440.85202	33366.27363	39324.30531	32296.41682	28606.73239	31667.57092	35135.57652	31138.80671	34389.8729	32846.46263	31648.93146	29825.1053	32829.82097	30194.60369	21060.04438	34889.88458	31551.55026	32555.08319	27928.60766	33700.93847	37547.63116	22762.19689	29213.5019	33026.80255	26652.75539	28585.74912	32609.83663	28616.9355	33534.39606	31074.9965	28293.30857	25091.19911	32355.81639	32793.65726	28144.20013	32859.23408	37958.94036	31908.67632	30325.31136	31871.55111	35055.94019	31613.63275	33388.82859	32213.83992	31704.35597	29316.3005	32968.32488	27421.27929	18596.75867	32138.49784	29990.51389	21720.33752	16820.95192	23349.41215	36529.13339	27638.26875	26794.28309	25522.07006	27733.39985	18450.96877	30241.05994	28504.36492	33364.27132	28958.46243	27526.12002	25682.92158	24803.90366	29348.67426	32795.8085	28350.38307	33378.2656	30969.76178	17022.04251	24028.66595	26176.54189	20355.3203	26050.99646	25436.39932	25471.17764	26822.04123	26432.04179	34652.80232	26456.71991	28365.14971	27325.88087	23130.59752	16484.64612	23168.36052	35230.52975	27249.33344	27196.25648	25769.53344	28454.58784	19960.57196	30656.79636	28009.56411	31812.76571	26630.65745	26018.39527	26260.39258	23354.8395	27626.95238	32641.12772	27064.69455	32079.76614	29631.37056	18654.22743	23715.32138	26182.1672	19979.46639	25356.16216	24485.10608	25401.69307	27353.76001	25931.90318	34284.74999	23004.45156	28077.78605	26733.42585	17578.81711	17853.0484
300	360	16083.57654	22605.44618	24846.12911	31119.23029	32753.78147	31474.78734	35961.67884	28919.32495	25794.11506	18723.51618	22839.26918	26176.5779	24692.04555	28370.68398	30218.11929	22884.23048	22913.90572	23802.16969	16433.25651	23581.74468	24540.69402	30987.90525	34354.63209	29525.51008	34629.51693	28306.77863	25957.29105	24426.95046	27846.5973	23533.90755	23232.67114	24502.5348	9408.6184	12416.05863	12165.92364	10709.88686	11125.44179	15663.43123	30678.12584	27323.52313	29948.20975	35753.43322	23975.0258	28507.07181	30601.64491	27596.24828	25104.19064	30789.60191	26950.44714	32538.92547	29164.18761	26452.40697	25256.80324	30258.28766	30146.05105	24806.02635	29868.32377	35824.86395	30170.6012	27801.51296	29455.82035	32290.88486	28880.66167	31941.0272	30478.8198	29624.52933	28260.16648	30434.1123	27561.62831	20878.62827	32776.54174	29885.02063	29822.17956	25574.7518	30986.57362	35076.12847	23086.52641	27695.3626	30696.0357	25316.98861	26492.00627	30575.3817	26454.18566	31306.54503	29583.8904	27087.71425	24588.11937	30150.27662	30588.16195	26115.74482	30598.185	35551.06746	29518.87172	29358.2023	29956.76162	32313.03611	30053.44194	31516.4236	30299.19491	29925.58726	27593.3624	30499.04308	24993.64409	18945.9651	30686.20991	28360.75367	21139.4035	16053.15872	21792.69535	33469.02061	28045.45782	25782.12605	23791.71597	27133.4485	17375.72093	28486.57056	26767.43334	30577.80642	27145.68891	26617.10087	24718.24768	23756.71843	26870.21669	30882.86515	26037.70219	30160.02512	29194.31753	16204.34214	22385.40635	24766.10524	19671.26358	24876.81497	24085.25699	24237.47098	25561.86969	24655.36678	32731.71678	26676.31	26275.85144	26481.53487	21796.26893	15889.33791	21989.41397	33664.81152	26743.62503	26142.58893	24440.17002	27040.77517	18548.95936	28804.74774	25879.42337	29983.54851	25261.68166	25213.2483	25645.67551	23049.57282	25689.50468	30584.7118	26173.903	29904.82282	27654.10841	17486.16599	23223.97927	25005.58248	19466.42004	24573.56625	23396.33954	24681.93936	25976.82202	24586.44095	32178.74213	24418.70077	26857.50873	25261.32716	17384.39758	17365.44492
360	480	14731.12959	21217.72104	24487.59024	29207.53061	32187.59897	29852.79156	34394.20186	28823.82526	26526.70642	18100.83951	22488.50769	25373.06101	24852.36465	26180.16444	29725.73907	23300.17642	22667.568	21715.23318	15149.84246	22191.54726	23966.84935	29304.60928	33621.33165	27594.52652	33179.71507	27867.21957	24954.92053	24030.18421	25475.71373	23473.74196	25874.8208	22597.63096	9949.80407	12658.22093	12545.71128	10661.02751	11321.10911	15030.24992	28488.30822	25896.23379	27842.27265	33019.76243	23094.38561	27144.86673	28768.78303	26732.12438	24422.82892	28925.92838	26079.77526	30302.44385	28218.62537	25516.16656	23728.31911	28384.36071	28555.00089	24296.73306	28552.53276	32483.31103	28148.20388	26701.27972	28053.38103	30399.45414	27619.97809	29766.3447	28677.28549	27551.02426	27143.61922	28810.11899	26206.85693	20407.5525	31187.87573	28486.60586	29561.62588	24479.30706	28765.60281	32319.62467	21987.42538	26364.69711	28872.87981	24970.25539	24966.29655	28799.08391	25484.14991	29253.38917	28207.58243	25928.83408	23483.61933	28262.95498	29021.59197	24880.03409	28757.9335	31327.54993	27710.50387	27344.72083	28134.81697	29723.27133	28598.15201	29325.4773	28119.07104	27751.23282	26847.97628	28537.47966	24586.07685	19224.87132	29605.88364	27707.20451	20334.15469	16328.61149	21498.68334	31289.63652	25897.96447	24543.88831	23327.92993	26117.29486	17754.27708	26724.15741	25756.4143	28614.82182	27266.07303	25959.59698	23660.6545	22701.50776	26292.38017	29657.98859	25403.255	27453.44928	27701.9051	16359.09859	22097.74853	23855.39669	19846.19132	23796.49325	23428.91307	23263.71845	24488.88634	23870.16682	29883.28998	25119.165	25692.4103	25674.48264	21228.30186	15848.92063	21362.92236	31106.077	26690.1612	24543.54318	24054.62547	26568.76113	18615.68956	27431.71653	25161.22751	28027.15723	24910.67449	24273.55862	24563.47227	21755.90019	25679.64457	29087.92172	24952.91523	26827.64924	26128.55758	17449.93735	22139.90282	23352.8847	19682.96288	23512.84444	22383.88203	23425.88452	25334.89687	23542.13542	30431.7009	23898.7379	27019.09806	24985.07963	16918.60077	17023.37642
480	600	13708.32682	21367.72333	23726.99726	27523.23165	31382.10209	27850.40129	33267.31311	28237.42358	25033.40211	16873.04364	22423.97503	24554.5697	24366.48097	23856.97902	29651.69694	23166.67504	24919.31232	20127.042	13982.17296	21509.94556	23539.00318	27875.57171	32344.39871	25722.82832	31620.24069	27590.35035	23929.06034	25441.24173	25731.59234	23663.92256	24319.24829	21422.36286	11224.28116	13875.52156	12280.04846	10809.47942	11919.62752	15265.97073	27916.58367	25868.32348	26259.14058	30244.44393	23284.58725	26648.29511	26918.96516	25969.33298	23031.85765	27106.70416	25106.77239	28630.94362	26828.60337	24780.97059	23497.28182	26703.93806	27083.27197	23631.08679	26720.24001	30167.02477	26334.59714	26248.81	26543.94211	28226.37569	26927.12817	28064.51739	27202.15861	25797.53578	26167.50844	27044.66278	25020.30199	20932.2167	28427.52476	27474.65735	27770.55248	24522.00053	27373.66753	29335.02146	23100.27624	25685.33249	27062.16256	24491.29618	24164.74221	27308.68936	24365.95921	27785.17472	26704.79	25455.97467	23917.13391	27054.93677	27117.38991	24015.51182	26510.31337	29687.50711	25975.90764	26947.33491	26878.83979	27795.54425	26723.93515	27517.33748	26551.22144	25880.13446	25819.46296	26808.76372	24004.10865	19886.60302	27737.68643	26114.59615	20847.2421	17116.98037	21166.97605	29329.23154	25956.07248	23960.53503	22470.02194	25087.30508	17719.8195	25596.42981	24754.12587	27051.87959	25591.84483	25170.8021	23385.99498	22035.75304	25088.25638	27660.37826	24236.00925	26327.80599	26179.81528	16930.35441	21817.92156	23085.84905	19763.59571	23474.94092	23103.5121	22733.3473	24453.92268	22934.57801	28548.85262	25458.97777	24646.75769	24957.78558	20619.72141	16200.44704	21329.40997	28484.88687	26736.22524	24084.82905	22936.73073	25466.88841	18403.97195	25936.77969	24150.14697	26467.58252	23787.6809	23617.45452	24150.41477	21271.18464	24014.96901	27513.53921	23946.4588	25567.38092	24952.0253	17290.80673	21992.28979	22629.31942	19223.62576	22993.72509	22191.56175	22645.84909	24718.69225	22390.05916	28939.55484	24034.96661	25812.21109	24109.66312	17020.17152	17283.00394
600	900	13068.8543	19887.16186	23273.39196	25367.96417	30073.73567	25353.93259	30479.1385	27854.85414	23819.08839	16015.13103	22414.91284	23314.87964	24689.03894	22001.18735	28156.82933	23724.10818	24694.9881	18378.816	13774.83326	21402.61735	23072.00865	25622.59054	30544.13417	24055.96105	29281.63732	27651.02702	23395.68147	24272.20476	24461.97136	23744.90769	23910.02808	20292.94877	10769.49205	14974.72945	12854.3207	11266.77223	12300.54285	16181.13625	26555.20292	24518.35788	25037.93628	27380.69543	23310.58608	25098.44564	25073.80562	24649.78189	22686.72709	25206.8363	24255.54485	26523.63065	24993.94791	23760.91253	22354.1834	24940.00013	25397.89754	23036.03803	25008.90346	27398.24625	24516.81896	25170.79035	25155.68117	26162.15243	25200.65276	26466.82897	25342.18628	23812.10112	24737.2261	25197.9462	24170.86384	21525.39281	27480.33264	26213.23525	26164.58835	23582.8534	25403.34122	26793.69397	22171.00502	24140.65841	25105.04379	23390.70262	23749.98032	25246.37157	23179.84069	25778.96825	25004.24746	24012.41274	22492.78308	24737.48629	25538.97427	22642.48671	24818.90087	27256.28208	24064.30274	25704.77773	24890.74688	25679.07014	25518.35707	25707.23947	24589.5347	24197.85492	24047.69672	24915.9046	22780.30018	20076.30003	25984.42985	25188.86885	21158.20498	17399.10802	21329.79604	27037.92203	25124.54888	22739.68032	22585.73561	23754.17275	17847.03502	24214.0074	23726.42135	24837.79631	24773.88972	24410.99998	22720.52373	21549.37453	24222.3925	26477.98862	23640.33711	24054.38142	25141.97321	17641.08559	21776.30328	22270.16755	19864.61793	23296.64281	22861.92122	22199.37543	23956.97121	22746.26866	27014.59219	24939.48596	25484.4572	24626.19344	20952.24705	16602.6022	21344.6522	27045.78188	25237.63077	22848.23331	22578.56817	24492.02732	18808.07219	24960.17204	23401.39514	24588.13733	23031.29172	23187.46171	23255.31537	20946.58891	23370.13396	25733.88887	23233.1867	24266.37084	23795.00995	18099.31349	21682.032	22138.48545	19351.95352	22712.28207	21980.83967	22437.79427	23638.23155	22392.30106	27892.68824	23530.70929	24514.34024	23718.20305	17536.44842	17688.94419
900	1200	11552.79455	19154.96654	22227.41804	22247.81426	26919.14008	21198.10093	27978.04433	26741.26771	22114.91639	13999.29969	21435.23912	21721.8579	23109.57455	18619.4783	25814.23747	23757.03743	25966.19798	15909.62242	12360.2897	20610.93178	21936.24101	22440.41002	27949.08597	21025.40676	26595.96653	26371.9772	21593.89185	22831.09769	22849.7582	23653.62984	22980.26343	17328.22667	12170.98239	16569.35684	12829.07481	12622.13189	13448.90596	16237.36585	24155.13087	23230.69414	22612.39688	24412.75787	20879.49504	23498.7948	22511.1349	23286.41552	21603.78749	22957.17729	22519.45825	23877.39309	22929.77729	22471.93649	21083.1235	22308.74395	22752.24242	22260.39859	22862.00706	24781.40353	22007.74683	23758.73571	22937.40325	23476.11573	22753.42423	23956.3472	22838.59107	21432.59187	22570.37051	22960.05635	21033.52565	20647.89954	24867.77829	24053.75603	24297.16935	22314.22285	22440.52192	23439.00205	20324.10459	22890.22153	22456.28679	21817.85036	22185.83376	22839.28159	21622.04892	23490.77926	23031.82541	22213.71102	21143.85436	22796.7383	23520.50282	21151.26252	22613.75922	24838.779	21325.2899	23715.06694	22629.95414	23263.79449	22896.2685	23302.22677	22256.0758	21876.5679	22097.07152	22240.74723	20613.37372	19397.31147	23583.10182	23065.49306	20475.11649	18583.7047	21017.14331	24966.22725	23613.19479	21408.82763	21641.58877	22468.14568	18440.7964	22921.71191	22587.71792	22629.72579	23121.74393	23453.80554	21340.0333	20920.53267	22540.38134	25209.49551	22414.26065	22704.8931	23145.64867	18628.82874	21543.1758	21593.35564	19409.68491	22598.55804	22390.38174	21638.7196	22621.57585	21997.72741	23913.86384	23924.75673	23500.3583	23458.92229	20379.54656	17368.8271	21151.37497	24432.46642	23349.73543	21741.45291	21787.12689	22933.56229	18688.88674	23261.67834	21999.78068	22468.00309	21690.6861	22110.18289	22127.39721	20873.22805	22366.91545	24222.97755	22585.50019	22791.6948	22177.93313	18523.8521	21490.8577	21207.33126	19268.36128	22383.02259	21460.0847	21868.29611	22698.12969	21478.39847	24690.47154	22658.2459	23213.88698	22794.74028	17898.4682	17905.74495
1200	1500	10968.11171	18125.18232	21007.16682	19381.49063	24655.3173	19118.24523	24621.05218	24544.26114	19997.96736	12817.2697	19887.51117	19537.51583	20804.63467	16363.45998	22756.26907	21917.79843	21707.14879	14528.57304	11679.86157	18909.14984	20855.64807	19662.89589	24753.60764	18208.16084	23728.58823	24495.55725	20181.03386	20207.51939	20882.23744	22315.30569	21683.39307	15979.68741	12238.60215	16699.48432	13874.31638	13564.5404	13738.30882	16040.43564	22246.80047	20998.59221	20350.07526	21584.95776	19647.51143	21504.68327	20292.49987	21458.64203	20165.51096	20673.77898	20573.84299	21756.84752	20895.20661	20526.71277	19221.77656	20085.38561	20512.24163	20032.44687	20567.51495	22378.38569	19650.86425	21919.26628	20550.03261	21137.39369	21242.46825	21747.86953	20535.06985	18926.77518	20664.95604	20610.11804	18858.13811	19748.44921	22488.3607	22061.52903	21909.81963	20315.76012	19998.47428	20892.2826	19927.64582	21124.39838	20203.72013	20384.0629	20681.08452	20668.90887	20389.51828	21471.97674	21083.40597	20362.11338	19665.07555	20562.33939	21198.43282	19695.60655	20436.69357	21756.7246	19043.60761	21982.16386	20235.15082	20859.90658	20916.70404	21011.87314	19841.41633	19407.32249	19800.83412	20145.52152	18774.50578	18184.80083	21398.85336	21293.38788	20013.02018	18132.97639	20377.76173	22307.47053	21701.55375	20519.61234	20543.67254	21566.11539	17935.85458	21071.64152	21537.03786	20811.75206	21537.44556	21989.5777	19954.86933	19612.15674	21755.06333	23076.47105	21548.03474	21013.39536	21197.76722	18341.70916	20473.15335	20284.63718	19288.49547	21579.61566	21228.15338	20215.28987	21616.72833	21055.55931	22101.83634	22228.24187	21822.50592	22213.85861	19947.24005	16998.64923	20069.23067	22364.03401	22314.64928	20238.72982	20439.9663	21119.23493	18266.64573	21498.16568	20998.1051	20726.43989	20654.64344	21048.21156	20462.37896	19959.39969	20952.43565	22718.89212	21408.05114	20684.67349	20146.32132	18570.65789	20255.66324	20040.45211	18283.14682	21495.5848	20391.62646	20360.91551	21086.82735	20357.70481	23322.71403	21183.46146	21516.09673	21509.23456	17843.84078	17663.77454
1500	1800	10235.88529	17322.11983	19628.60953	16805.98079	21636.59021	16596.20253	22247.9218	22787.74861	17460.58755	11322.15694	18562.4942	17769.05251	18567.33325	14530.68196	19934.36426	20211.55902	22992.7951	13397.75053	10796.18858	17446.30806	19458.18743	17107.93236	22108.8483	15958.25341	21296.4739	22386.20901	17866.76425	19097.2498	17712.24944	20320.1102	21364.16235	14434.55187	10732.38967	16828.60455	12498.39	13387.59112	14756.39336	15475.17041	20302.83872	19433.54175	18352.07295	19677.422	18184.40888	19612.99856	18332.54275	19724.76365	18868.37587	18734.70043	19138.25477	19920.03531	18965.97219	18612.9574	17226.38512	18234.69559	18399.28419	18066.67665	19055.95534	20982.84883	17476.22308	19800.83765	18586.53801	19163.03084	19044.68922	19620.66522	18458.72103	17261.48134	18678.84062	18780.27737	17402.5844	18437.59921	20009.62558	20125.17036	20391.71132	18410.39775	17909.77253	18720.14773	18461.43947	19505.2433	18267.85068	18943.54647	18713.81011	18980.19848	18719.747	19408.40282	18549.81179	18449.95046	18951.34867	18339.419	18983.61315	18037.57913	18546.27491	20585.37457	17348.89783	19564.54045	18319.99293	18806.94633	18933.19999	19028.58626	17862.19239	17710.89177	18080.20268	18270.33681	17448.45331	17078.66823	18650.45267	19138.39947	18962.74482	17624.79737	19619.1429	20782.72144	19559.97823	19031.76141	19367.94205	20198.62443	17452.50784	19582.78493	20293.88789	19547.38118	19927.85581	20572.03225	18045.92511	18594.50925	20147.33223	21346.11282	20658.97977	20129.07349	19415.43473	18049.33216	19415.64939	19172.10285	18406.78133	20694.4718	20223.50909	19180.88236	20156.2937	19923.77095	20712.60026	20602.398	20784.18454	20986.95003	19263.46444	16933.12849	18850.93739	20345.15929	20317.77437	19058.1923	19206.02016	19826.23042	17748.79049	20158.58414	19615.63592	19035.73341	18949.66764	19590.36979	19309.43925	18835.65414	19402.0955	20429.60626	19859.23766	19987.93337	18845.14077	18003.50183	19265.93699	18912.91486	17710.7452	20224.00208	19503.19158	19271.40942	19616.80701	19285.00055	21486.82305	19791.98503	19181.35419	20022.9272	17160.01204	17255.8443
1800	2100	9868.4852	15597.76873	17901.0898	15072.33771	18944.8703	14773.5468	19814.38269	20471.96897	15546.63395	10108.60368	16812.11684	16029.62131	17253.85001	12536.99793	17699.8559	19155.97258	19896.20206	11866.62026	10196.92005	16186.16482	17877.32249	15056.38857	19338.90412	14440.04587	19424.52645	21118.44279	16237.59438	17503.37526	15812.98929	19100.7331	19024.31543	12736.2001	9594.14158	16471.23049	12943.41999	13611.50578	14855.74198	14816.18356	18791.62658	18039.01785	16551.55304	18068.40405	16626.3816	18463.61904	16607.26599	18693.51348	17598.10361	17474.84422	18255.8765	18481.01641	17295.42427	17188.85631	16064.96925	16736.17553	16970.45408	17597.58341	17422.80566	19013.26879	15984.536	18560.34257	16848.01041	17535.76485	17305.25889	17872.41425	16674.33707	15476.60333	16847.75801	17082.98619	16057.5317	16287.61385	18388.17084	18499.06683	18838.26991	16958.59495	16438.4054	17134.20507	16084.16383	18056.16449	16707.52146	17873.63473	17708.13477	17510.04987	17603.53819	18305.3381	17665.84556	17383.46429	16658.77784	16865.9133	18154.30176	17038.87765	17215.18086	18994.55034	16058.67221	18399.24888	16724.68034	16941.03332	17394.27032	17386.87228	16240.92504	15893.95559	16685.0851	16881.1823	16344.50805	15423.5435	18160.55863	18009.79343	18457.93716	17494.37497	18868.42966	19359.57208	18156.77348	17947.40844	18343.97199	19218.64075	17385.12073	18575.11608	19450.88304	18061.64945	18435.61608	19216.35403	16244.3856	17805.11726	19158.91311	19820.82428	19561.22062	18860.41962	18086.58273	17752.10384	18651.2196	18344.185	16930.18219	19529.62569	19357.95952	18028.15354	18694.55139	18626.90479	18937.27631	18347.26986	18986.93121	19649.92847	18682.00686	16568.74777	18338.42633	19136.64793	18046.08044	18034.7415	18333.70695	18671.87128	17475.40058	18950.15837	18755.11863	17945.59567	18185.90918	18626.17563	17037.03656	18113.7511	18867.39061	19377.56086	19255.55679	18695.07939	17742.03524	17626.14616	18521.23568	18064.67184	16970.97897	19235.64586	18526.05418	18080.42404	18475.77464	18538.82684	19536.78896	17908.76492	18543.85247	18879.5403	16823.77899	17119.06753
2100	2400	9530.84374	15408.75283	16361.47076	13168.33683	16615.36255	13010.04234	17804.56975	18397.66814	13451.19187	9263.08396	15388.02892	14424.03012	15850.06612	10757.28008	15465.07807	17669.49486	19778.43448	10567.82444	9976.31339	15057.31475	16395.50914	13260.71157	16972.85969	12623.14064	17569.43611	18411.80495	14722.70852	15730.22735	13813.706	17474.39286	16669.20288	11797.15394	9242.05778	16655.76636	12811.90433	13895.63802	14205.39524	14440.15932	17609.30917	16507.49985	14838.86313	16081.15637	15319.80451	17661.57683	14819.27863	17490.66073	16328.98117	16050.79182	17204.04523	17331.63735	16146.50076	15756.52378	14983.34021	15264.16772	15803.80225	16822.6342	15907.85784	17637.85888	14389.67578	16957.32906	15258.40149	15904.45561	15694.00185	16098.82369	14936.25827	14067.17543	15344.87675	16042.63694	15106.03784	15846.6632	16455.7348	17136.10994	16946.23504	15957.77677	14944.32386	15324.17743	15265.78958	17343.1817	15070.379	16530.98542	16316.7373	16139.22822	17073.17464	16924.83491	16194.39159	15689.22696	15541.54956	15170.64955	16698.99879	16296.59878	15443.65248	17410.49025	14357.16811	16616.17447	15128.85595	15564.94047	16604.41204	16033.03003	14624.76236	14664.85899	15331.32044	15361.66121	14488.81706	13927.9874	16181.07906	16687.81934	17562.56607	17053.9727	17659.5776	17231.23031	17195.43841	17433.33905	17105.8348	18130.51402	16288.31772	17402.11056	18231.03023	16996.19133	17117.53968	18105.34061	15039.16333	17155.62867	18100.51988	18816.33932	18222.93137	17552.24521	16550.89148	16844.90454	17694.11947	17271.71446	16328.56221	18469.27057	18074.32372	17021.86998	17462.02002	17923.7829	18378.75601	17606.36934	17177.12741	18383.66327	17091.80726	16010.80425	17791.81548	17374.90107	16363.50239	17174.12069	17169.54118	17340.97128	16516.80963	17722.92748	17573.41522	16731.67033	16868.9746	17132.82949	15865.59786	16971.15186	17971.57037	18220.39354	17711.31771	17518.01723	16155.90921	17017.01755	17504.54138	16852.69499	16517.65777	18152.16874	17502.76854	17146.30581	17208.71549	17272.9995	17542.49967	16461.96075	16651.43737	17678.72457	16234.45568	16148.84037
2400	2700	9177.03323	14938.00201	14802.18101	11896.7009	14485.32088	11534.71106	16285.03003	16377.5863	12112.17197	9726.07982	14109.80795	13403.57951	14492.46987	10044.52416	13992.23983	16129.3379	17409.38867	9976.58315	9806.82494	13774.05849	15015.00472	11921.4623	15175.82165	11501.74468	15598.49622	16893.1906	13646.22956	14801.60869	11780.73703	15948.14604	16781.83728	10619.38975	9751.40198	15458.87879	13412.72579	13753.68091	13958.66729	13310.52913	16336.87189	14961.64595	13679.43662	14711.74497	14684.76847	16436.02519	14054.34103	16351.67871	15686.1625	15074.06934	16658.65135	16135.97656	15467.46621	14802.2356	14052.20874	14566.94391	14719.3616	16122.65667	15319.94603	16557.8271	13447.02306	15395.34238	14015.96358	15086.12516	14806.0883	15013.59222	13760.66895	13117.88649	14313.13775	14946.91117	13996.29684	14377.62515	15824.14681	16249.70735	16166.63318	14500.5231	13325.3875	14102.20281	14391.52433	16142.84555	14079.64071	15542.45647	15770.79357	15042.07621	16106.27044	16138.14606	14964.09723	14666.53766	15313.72296	14740.08892	15557.76926	15424.38399	14372.76666	17268.25287	13358.05468	15403.37023	14053.91918	14793.63093	14872.29521	14752.48727	13416.93933	13344.43354	14032.49565	14174.55125	13848.27722	13369.89145	14064.51892	15512.10776	16932.06039	16505.93113	16456.9405	16158.77893	15879.94712	16453.14083	16345.54224	16887.25294	15952.18902	16753.95722	17335.32939	15498.36194	16169.44722	17053.05832	14379.08798	16522.65967	16836.95666	17981.96488	17812.42655	16429.32074	15389.00375	16652.83735	16681.21005	16707.27512	15519.95217	17578.09227	17257.11155	16040.47513	16599.64847	17142.0081	16430.84604	16109.8093	16962.24378	17509.24619	16441.95422	15730.04805	16369.60515	16200.69745	15711.59244	16245.93985	16389.01385	16644.37316	15863.40451	16579.94743	16732.0927	15808.02755	15674.58858	16197.89702	15348.67654	16579.32098	17102.73724	17490.10237	17009.6912	16919.83599	15238.61275	16648.94514	16540.62269	16291.52443	15218.07448	17320.90897	16518.37653	16147.43649	15881.1096	16438.02656	16685.15577	15611.37112	14187.70587	16635.92033	15734.88311	15607.06092
2700	3000	8874.05618	13872.25503	13975.93271	10662.17318	13156.7708	11013.51171	14822.2578	15602.65898	11211.31063	8102.50328	12879.11073	12426.47273	13821.18711	8923.52408	13019.64999	14751.7407	14352.50444	8296.19887	9191.73038	14088.66823	13955.38617	10741.61265	13144.91517	10561.48072	14483.03863	15490.03483	12610.78854	13551.51567	11510.07988	14740.7314	14039.32678	10281.62325	8968.29033	15189.10101	11648.9718	12995.07366	14345.11273	13368.0545	15492.61922	14087.04553	12726.81986	13643.34798	12815.79398	15617.98497	13026.78288	15293.28746	14604.49868	13893.22069	14940.73273	14969.64338	14174.16578	13575.19999	12864.10965	13024.88535	13247.34144	14406.91564	14146.8767	15889.25981	12272.8403	14285.80028	12970.67162	14018.28404	13886.95202	13685.904	12702.67084	11995.30452	13279.98549	13672.09266	12943.38333	13409.96755	14757.03695	14949.01126	14716.35781	13792.54518	12556.43025	12986.80989	13435.6226	15270.36693	13363.04857	14634.31599	14641.9711	13782.49965	14990.17002	15011.45543	14042.32906	13762.5851	13874.55957	13465.76398	14924.07204	14190.46651	13984.0422	15460.55263	12770.92887	14355.24505	13112.59426	13430.17268	13457.77819	13849.78165	12418.30921	12516.62623	13318.18497	13417.47244	12570.89361	12124.40292	13559.86351	14797.72414	15639.4791	15793.63593	15974.17078	14841.98017	14701.27014	15551.66181	15475.51916	16430.51926	15417.71113	15445.44004	15993.65701	14690.69622	15008.46979	15990.67932	13121.51854	15267.08552	15387.4167	16217.78091	16770.92909	15873.0272	14355.66658	15064.48049	15673.87531	15807.64373	14577.23158	16406.27695	16132.50275	15072.54776	15745.15268	15743.516	15377.856	15049.22975	15986.02062	16132.67689	15404.4341	14830.18823	15123.19313	14854.41944	14827.2743	15604.43428	15292.92514	15502.18115	15123.98531	15556.42379	15796.19909	15007.96653	14666.90722	15289.64479	13953.22381	15588.56465	16219.96304	16408.13482	16227.54109	15269.54385	14091.63732	15658.28685	15326.34072	15269.35467	14306.76974	16274.29838	15452.6035	15153.58959	15268.0258	15446.11953	16078.07729	14410.67149	14378.89518	15971.79907	14915.8482	15132.82345
3000	3300	8736.96903	11989.68199	12711.75704	9724.08677	11998.33614	10088.01221	13697.43462	14328.44724	9455.32443	8116.19129	12014.92189	11249.00043	12176.04007	8182.39977	10691.72691	13480.38271	16026.78498	8272.08433	9129.62253	12385.07383	12560.75327	9725.92325	11708.14194	9792.74233	12885.83116	14111.93963	11573.22251	12095.83119	10885.68622	13643.0084	12731.14795	9827.64766	10022.03709	14301.26137	10927.75704	12609.67972	13119.22136	12458.13792	14327.04093	13313.33691	11455.45996	12867.25272	12191.77305	14876.48462	11778.99695	14349.16863	13510.34464	13261.06197	14053.49455	14318.37006	13142.38817	12816.63905	12697.45888	12270.88686	12355.96868	13318.39529	12733.14831	15232.78227	11499.72948	13307.76822	11841.78013	13110.82275	13180.37586	12611.04222	11710.31753	11033.06103	12339.49771	12512.68963	12369.35191	13231.74282	13052.20564	13830.3721	13774.66946	12405.49011	11603.11664	11767.77609	12497.02192	14291.8901	12172.41691	13547.27962	13940.87204	13183.49608	14007.40752	13903.40669	13052.88631	12797.44607	12979.2558	12715.98611	13633.89632	13303.3172	12722.70719	14085.52183	11900.43031	13640.70524	11996.09136	12561.48087	12565.98769	12920.58522	11472.77247	11656.95646	12358.33897	12440.20489	11100.84013	11566.40129	13042.69397	13899.71272	15009.90939	15102.74339	14328.28435	14042.80637	13463.24569	14997.63433	14304.77088	15548.2762	14370.73429	14626.77608	15422.92272	14008.74142	14031.13031	15200.95816	12081.31935	14410.8108	14803.27257	15182.81493	15393.08247	15123.82269	13203.2619	14562.43798	14636.25412	14816.46023	13938.60352	15293.91629	15097.66765	13889.61261	14470.90318	14675.86622	14688.91861	14555.39154	13959.26829	15423.91178	14341.5678	13942.68186	14420.53101	13368.83475	13666.69551	14531.72464	14160.1802	14491.12842	14183.35394	14441.66387	14864.76359	13954.62633	14222.58971	14222.07394	12936.95043	14847.4682	15024.31693	14818.65507	14957.45097	14343.4962	13198.9309	14354.33172	14350.15935	14202.14085	13659.30555	15389.24701	14616.16196	14004.37235	14128.09	14349.02904	13703.11493	13810.51549	13627.16253	14669.57389	14158.78539	14202.09391
3300	3600	8415.20623	12049.88255	11319.77603	8817.0286	10696.50791	9569.02438	12473.41798	12031.17955	8341.10122	7288.23075	10479.671	10724.62242	10979.22084	7333.56747	10646.09283	12331.43251	12689.65154	7695.0	8991.39547	11670.764	11572.06723	8614.18506	9783.43397	8873.0062	12754.46103	12937.32034	10905.98208	10607.13469	9461.31609	12268.3718	14440.89819	8959.12454	6682.05812	14175.70245	11331.1554	12056.43317	12253.68229	12168.62641	13133.47938	12066.97937	10675.94103	11793.26225	11658.88084	13757.53482	11206.69734	13864.83868	12821.62621	12447.97974	13509.01892	13742.06613	12596.45913	11749.15969	11785.30057	11088.52861	11523.01529	12604.43897	12045.14245	13796.24768	10809.7712	12327.54516	11142.31643	12171.79407	12725.4945	11649.52242	10770.79103	10372.34573	11821.50969	11750.84441	11925.63415	11240.13439	12794.68261	13018.34484	13452.8763	11742.1367	10630.84069	11066.21514	11435.14542	13422.06928	11446.22204	12921.75655	12176.09856	12230.78251	13469.34442	13078.5655	12165.00225	12231.12074	11796.40264	12006.95066	12894.74894	12701.10571	12306.46926	13853.36465	11114.11815	12346.99253	11206.4476	11776.2928	12282.43908	12038.58349	10515.06485	10825.44613	11430.97258	11496.38018	10205.93485	11134.89079	12457.04526	12982.94016	13444.75076	14062.54941	13710.29278	12670.5807	13076.5262	14233.58029	13487.27241	14364.22777	13430.14928	13928.54588	14494.18061	13351.44124	13151.42753	13792.42271	11538.15543	13525.34169	14174.97867	14901.6181	14946.53562	14047.7377	12436.163	13550.51921	13705.04817	13773.11357	13749.9078	14341.3168	14295.06914	13020.77136	13943.76009	13976.4582	13543.31138	12968.68216	13734.37553	14337.20744	13817.41598	13431.20652	13552.27615	12713.29188	12370.61326	13791.21462	13378.09808	13631.01287	13479.82869	13501.77381	14008.13084	13213.27459	12818.75154	13577.25728	12313.65553	13850.43862	13746.00317	13980.26263	14114.61231	13780.39604	12416.93937	13739.8697	13385.04728	13424.50088	13405.69546	14389.19274	13270.83335	13137.07907	13004.03207	13556.92285	12476.34758	12691.50503	12784.99456	13901.47341	13665.5402	13330.73969
3600	3900	7982.36773	11065.18667	10697.9481	8172.37477	9760.99274	8736.31801	11774.26702	13312.37532	8281.78506	7088.75044	9943.1187	9823.64287	10974.38142	7575.67438	10592.46258	10959.65118	12366.99911	7618.88756	8314.94541	10505.71914	10494.44346	8158.73299	9471.7121	8280.75887	11482.24019	12099.49699	9610.41181	10061.41309	7977.35729	11016.02408	11737.13721	8019.65977	7846.97874	12865.1208	11294.0803	11881.43372	10830.82235	10413.43884	13117.73038	11467.19966	10166.73847	10553.82751	10040.51333	13450.67688	10492.47448	13161.8031	11879.34799	11629.02552	12701.93161	13074.194	11850.75017	11494.95206	10668.17517	10245.24741	11263.67842	11071.09545	11329.05298	12889.24706	9823.52271	12006.38431	10396.3192	11465.00761	11129.11783	10827.4949	10101.39284	9780.0907	11062.83828	11238.91454	10700.74501	10709.85996	12344.98544	12809.3499	11963.76156	10895.66222	9776.86341	10370.99943	11513.63057	12878.18111	10804.70485	12479.87717	11504.71936	11741.77016	12368.2613	12449.14927	11380.48467	11496.37767	12010.73867	10779.33371	12313.54646	12068.22126	11461.28685	12695.68941	10279.6996	11152.26824	10292.49553	11018.90331	11358.355	11174.38693	9841.85086	10406.29035	10939.6494	11030.62324	9996.09077	10702.65195	10888.58205	11968.07278	13401.64198	14051.82952	12733.27954	11804.08263	10710.12965	13599.78211	12572.69997	13997.60885	12583.42564	12927.93421	13533.47702	12515.90509	13167.64903	13559.55311	10910.2065	12323.28429	12966.80866	13464.63422	14120.76786	13016.26032	10974.98434	13241.89767	12826.24528	12805.57705	12196.808	13735.1214	13504.99549	12125.00957	12912.9526	13285.41649	13461.06067	10712.24849	13324.83045	13677.29597	13221.63568	12359.7163	12540.61595	11936.40092	10962.72356	13187.12273	12825.25666	12980.48047	12759.74291	12972.79756	13142.53781	11868.78877	12329.28666	12869.71739	11769.74919	12994.645	13362.79105	13727.77332	13641.12871	13206.01411	11300.21821	12723.91052	12548.83314	12808.69145	12475.3022	13667.76876	12768.90752	12678.01511	12496.07842	12900.15415	11939.58866	11795.02741	11156.79578	12846.05934	12859.01044	12882.45973
3900	4200	7508.10434	11661.01598	9874.3871	7393.25097	8657.46738	7647.6574	10780.83142	10453.82198	7725.59095	6611.84212	9296.84355	9347.35082	9519.65007	7079.71158	8217.97278	10502.51964	11834.70952	6670.69476	7878.32298	9389.93844	9546.85498	7406.91377	8394.91393	7365.69431	10937.09188	11305.82403	9151.95913	9323.93516	6375.74214	10301.34286	9755.8689	7464.43774	6357.85517	12191.14232	9765.07329	10672.05014	11252.77892	10661.69329	11993.27383	11106.64762	9505.6679	10397.49252	9588.65324	12520.41107	10064.41674	12511.09973	11949.25743	10919.29833	12371.81907	12205.39686	10997.65619	10752.0405	10045.51863	10087.91287	10799.55083	11279.22676	10961.39999	12636.26226	9550.97266	11770.18016	10012.1846	10780.50925	10986.80822	10343.85638	9565.42862	9389.73705	10302.7637	10556.33362	10378.00523	10457.79513	11623.24957	11985.83739	11872.50413	10436.93164	9078.92504	9594.42096	9085.76446	12267.54766	10009.07982	12274.44669	11148.64359	11034.52198	12521.42202	11962.23164	10636.59319	10771.24096	10569.81094	10173.86844	11412.05371	11351.56628	10797.52386	12457.43683	9576.97346	10869.01875	9862.95109	10105.64255	10578.72441	10336.66191	9490.79657	9508.9498	10490.34416	10305.33765	9974.40725	9102.29863	10148.99344	11322.94303	12530.94829	13168.2037	11867.18106	11317.09926	9947.69571	12462.95398	12191.84047	12671.70215	12736.50327	12067.1276	12622.68177	12006.6823	11554.19485	12092.34041	9773.59232	11829.5913	12338.7498	12995.72963	13393.06465	12827.93548	10851.59744	12643.07306	12436.1511	12493.88665	12277.03137	12630.07354	12475.97706	11727.52669	12359.12961	12416.2912	11811.16471	11112.79407	12057.94833	13113.69585	12617.15754	11603.76955	11897.75923	11115.57665	9069.6099	12574.26368	12087.60666	13065.68784	12407.77648	12528.9803	13009.65937	11984.46383	11311.22099	12031.58285	10278.2293	12139.43254	12720.10138	12713.96508	12685.05114	12740.96097	10694.53837	12556.42112	11837.89269	12038.97199	11373.81436	12486.41431	12063.56663	11484.61645	11640.853	12008.93039	12464.01702	10446.4288	10363.13303	12352.57169	12078.84875	12139.11664
4200	4500	7417.68711	9938.67246	8976.70082	6957.9924	7979.05945	7706.2813	10324.08431	9546.43492	6599.65914	5575.07243	8235.26785	8317.97494	8968.4845	6692.43277	7976.82365	9701.1412	13862.97479	6153.22372	7159.37853	9995.76454	8902.99909	6888.75225	7397.94223	6984.79641	9718.71598	10100.42806	8731.13489	8442.57721	8057.3104	9532.00348	10074.6239	6989.71193	5884.80646	12280.76737	10274.53592	9601.26999	10683.79787	10447.21202	11081.48524	9946.55452	8684.36067	9933.11278	9743.30843	11563.44238	9308.48728	11922.30568	10562.06722	10228.24822	11280.66042	11456.48043	10507.62527	9918.33662	9884.95626	9205.02066	10255.58536	10395.82338	10113.17168	11363.07894	9228.24505	10346.40225	9193.6905	10053.36468	10061.51088	9786.06067	8889.45096	8944.32157	9896.73311	9785.22598	10019.70714	10176.10767	11085.19588	11158.20619	10836.76408	9642.82937	9068.54593	9210.6838	9036.95828	11268.88072	9644.30984	11405.05234	10809.928	10192.63998	11498.60255	11682.13015	9668.62457	10175.65503	9833.83283	9380.46426	10889.03464	10879.53145	10086.31709	12054.40455	9496.9689	10538.06314	9436.18029	9774.29279	9961.22494	9947.40549	8568.79312	9023.69802	9998.77114	9914.88258	9020.60397	8754.58256	10743.70805	11087.30575	11796.08901	11942.77662	11298.34479	10795.24946	10109.74226	11770.18381	11073.18727	12576.46943	12069.29132	11235.93919	12019.82894	11242.74798	10949.88824	12087.69003	9161.41894	11350.59611	12495.62456	12438.58156	12609.40716	11555.784	10082.17672	11616.45375	11448.75478	11759.91116	10889.10446	12115.48836	11484.05742	11074.97073	11861.02372	11424.49087	11003.04112	11462.1869	11894.48952	12107.2373	11792.98416	10948.84331	11495.03278	10584.97375	9786.32226	12030.01404	11460.60152	12154.94521	11737.4977	11491.88645	11615.94242	12006.72823	10028.22764	11237.01075	9257.02749	11672.58107	12077.47479	11842.08299	11766.94628	11784.47169	10667.13856	11852.9036	11087.49107	11337.27037	10922.62866	12145.55522	11139.09824	10908.14767	11196.13282	11643.81871	10454.05902	9733.90056	10958.25963	11164.15427	11583.98477	11237.8475
4500	4800	6963.64882	8984.35601	8434.98099	6528.97912	6652.08182	6976.34449	10124.67327	9648.01204	5855.39247	5667.53672	7722.12016	7906.35822	8032.55501	5533.06428	6987.19465	8601.86365	10744.61879	6211.97492	7096.77717	7805.36834	8526.95143	6590.26285	6967.6816	6987.55724	8647.75988	9790.16725	8340.84323	8654.42318	6679.71738	9213.98806	10464.82898	6905.72969	4946.93727	10947.5436	9036.23214	10048.51712	10552.78737	9346.09555	10814.21735	9332.39307	8635.30584	9414.6115	9574.11776	11427.88885	8960.30106	10826.48072	9948.47161	9895.82662	11037.32182	11045.55373	9475.16324	9546.24245	8633.24498	8926.18898	9597.21021	9852.52799	9868.22893	11473.4107	8647.37201	9154.64732	8784.18123	9382.63366	9836.66218	9193.74392	8569.86039	8375.06761	9505.11694	9231.06409	9178.86791	9675.62289	9755.58898	10456.21891	10607.94934	8637.05512	8091.52561	8625.25746	8937.14295	11172.14634	9231.27087	10430.31348	10236.02832	9788.18094	10682.68546	10565.67942	9974.36847	9260.89444	9175.27466	9048.18749	10487.7295	10437.82087	9984.65137	11239.18789	9091.54021	9623.67471	8806.55667	9198.13351	9073.25947	9378.67388	8099.8454	8696.89755	9210.56028	9435.65362	7912.41437	8280.3422	9839.00051	10235.42833	11568.65817	11434.13232	10981.23377	9967.63779	9700.3852	11606.59845	10432.74313	12170.73434	11154.15012	11099.17508	11824.55046	10787.0594	10443.10108	11065.82764	8044.25593	10756.28989	11227.7475	11705.95743	12003.26253	11410.24065	9562.65397	10613.3676	10973.51743	10803.5375	10953.77159	11513.19709	11219.99504	10528.74192	10893.99887	11027.90017	10636.38809	10098.17715	10037.69433	11285.18024	11138.72552	11081.4526	10250.70718	9865.57242	9853.44039	11019.12598	10648.48484	11184.95065	10977.88023	11111.72164	11472.34665	10527.27676	10770.36671	10806.0011	8896.06925	10931.5225	11505.57582	11631.82521	11578.00395	11069.77535	9929.18114	11357.30707	10307.65526	10611.45161	9613.09598	11480.46717	10703.06732	10048.59513	10411.47486	10799.50908	10099.05487	9599.96475	9701.84435	10784.52709	10948.74052	10529.24591
4800	5100	6880.22828	9694.66425	7477.65855	6011.92716	6847.45405	7219.84775	8924.46378	8343.48801	5457.5819	5115.39473	6953.20472	7948.63624	7971.77118	5510.14246	6311.30868	7887.64752	10086.94416	5348.1764	6859.62484	8810.04723	7746.97945	5890.66434	6730.00896	6299.10026	8423.79892	8642.0097	7802.54237	7031.24512	6179.62418	7959.26781	10316.74353	5941.42808	5682.47203	9622.74284	9168.25234	9689.28378	9819.90646	8205.95363	10176.14586	10578.60277	8079.12316	9254.14702	7799.96534	10692.26167	8375.08996	10498.02983	9095.76231	9577.4122	10377.11505	10487.7462	9197.91384	9472.84255	8411.68168	8565.98318	8618.20441	9199.12972	9156.66533	10645.96234	8275.62202	9002.48596	8623.06598	8851.63462	9778.53365	8657.20771	7829.06606	8052.63021	8932.332	9053.11094	8091.07331	9569.31558	8851.69055	10258.68121	10085.57045	8776.669	7890.94285	8755.52268	7912.27064	10413.10838	8401.70235	9907.68659	9974.34023	9186.07413	10348.37689	10206.19842	9219.8998	9042.01979	10106.89384	8601.93363	9799.97796	9635.39407	8904.60579	10223.88198	8670.82918	9434.18158	8413.87247	8705.81806	9047.08993	8976.67155	7564.65077	8354.50921	8872.01808	8909.4766	8104.03038	8361.54984	8796.85606	10083.23337	11020.5668	11674.92099	10182.27316	9842.29613	9267.5166	11732.21739	9800.50281	11580.50709	10468.84233	10298.50215	11374.88679	10203.72481	9482.15838	10754.64655	8509.09126	10007.23907	10002.62808	10456.02734	11235.50318	10718.36753	9391.08054	10442.52395	10650.81218	10576.8667	10226.26187	10408.70953	10237.52754	9967.96989	10326.56892	10608.95887	9234.62971	10790.7431	9232.04095	10421.32116	10330.06196	9419.87664	10160.41554	9846.92698	8924.95916	10596.79947	9631.68815	10550.70626	10788.70503	10065.82965	11027.57458	10144.18513	9917.2826	9850.3308	9473.08024	10258.53325	10119.52552	10469.66489	10640.86768	10327.15657	9161.72201	10849.26549	10054.40658	10001.79964	9705.14711	10542.79801	9541.04558	9890.52078	9957.09753	10259.48849	9842.81833	9071.72119	9045.27343	10285.42727	10033.31762	10024.35968
5100	5400	6789.435	10171.61058	7014.42025	5847.14182	6264.33935	5924.15085	7826.04875	7400.8804	5179.00967	4908.38249	6506.13912	7350.247	7134.93386	4820.36842	5540.1118	7575.15113	7188.50488	5311.3154	6407.55619	8017.07573	6681.293	5971.42252	6121.51016	5733.64652	7804.8149	7702.19856	7274.01301	7188.09582	6030.69386	7406.67279	8362.55463	5775.69349	5078.16195	9363.97369	8351.91875	9380.35462	9570.59315	9615.4414	9415.79654	8130.17631	7932.57769	8699.91061	7078.96669	10600.84947	8264.7276	9824.69608	9100.5174	9182.61367	9861.17715	9500.93573	8301.0092	8579.44165	7990.23723	7743.93984	8544.36715	9227.26986	8610.9532	10415.17606	7847.87415	8639.49406	8158.25942	8087.92483	8141.18625	8226.49033	7141.22945	7773.52366	8445.29458	8570.30915	7892.17883	7395.42787	8771.79822	10176.42054	9618.75591	8487.36433	7378.77408	7510.9353	7992.38325	9843.46204	8333.92532	9649.37117	9383.96894	8942.41424	9411.47899	9652.12668	9171.24724	8852.72037	8075.70551	8336.35895	8974.19885	8956.88496	8843.32233	9887.38819	8043.25216	8370.43154	7951.66626	8164.90188	8243.58466	8371.00866	7385.26763	8117.73256	8379.60497	8539.73583	7502.08698	8071.39516	9021.56459	9318.25729	9948.68653	9899.40864	9913.41961	9131.08787	8364.17945	10946.71646	9726.5137	10291.93869	9865.40073	10182.74583	10647.06465	9366.82423	8757.99822	9615.19917	7418.43391	9031.21348	10219.53914	10319.35193	10445.40796	10251.47272	8616.94635	9881.64589	9635.99298	10023.50167	9066.15235	10250.30739	9591.64843	9371.10551	9990.55555	10519.05538	9027.2245	8921.99071	10213.83209	10270.75156	10151.58255	9810.32227	9173.95105	8296.39665	8339.13456	9718.0283	9197.14838	10008.36052	9508.06589	9666.74706	10041.11101	9542.60385	10180.57062	9390.94871	7682.28535	10357.17271	9813.21411	9809.48273	10231.97792	10050.06714	8760.39714	9805.13837	9434.00167	9350.56957	10220.37623	10142.73278	9645.26225	9379.31403	9227.11162	9646.06467	9817.61634	9080.25013	8823.84709	9892.56275	9395.19945	9626.8451
