frame_start	frame_end	Left-Cerebral-White-Matter	Left-Lateral-Ventricle	Left-Inf-Lat-Vent	Left-Cerebellum-White-Matter	Left-Cerebellum-Cortex	Left-Thalamus	Left-Caudate	Left-Putamen	Left-Pallidum	3rd-Ventricle	4th-Ventricle	Brain-Stem	Left-Hippocampus	Left-Amygdala	CSF	Left-Accumbens-area	Left-VentralDC	Left-vessel	Left-choroid-plexus	Right-Cerebral-White-Matter	Right-Lateral-Ventricle	Right-Inf-Lat-Vent	Right-Cerebellum-White-Matter	Right-Cerebellum-Cortex	Right-Thalamus	Right-Caudate	Right-Putamen	Right-Pallidum	Right-Hippocampus	Right-Amygdala	Right-Accumbens-area	Right-VentralDC	Right-vessel	Right-choroid-plexus	Optic-Chiasm	AirCavity	Skull	Vermis	Pons	CSF-ExtraCerebral	Head-ExtraCerebral	ctx-lh-bankssts	ctx-lh-caudalanteriorcingulate	ctx-lh-caudalmiddlefrontal	ctx-lh-cuneus	ctx-lh-entorhinal	ctx-lh-fusiform	ctx-lh-inferiorparietal	ctx-lh-inferiortemporal	ctx-lh-isthmuscingulate	ctx-lh-lateraloccipital	ctx-lh-lateralorbitofrontal	ctx-lh-lingual	ctx-lh-medialorbitofrontal	ctx-lh-middletemporal	ctx-lh-parahippocampal	ctx-lh-paracentral	ctx-lh-parsopercularis	ctx-lh-parsorbitalis	ctx-lh-parstriangularis	ctx-lh-pericalcarine	ctx-lh-postcentral	ctx-lh-posteriorcingulate	ctx-lh-precentral	ctx-lh-precuneus	ctx-lh-rostralanteriorcingulate	ctx-lh-rostralmiddlefrontal	ctx-lh-superiorfrontal	ctx-lh-superiorparietal	ctx-lh-superiortemporal	ctx-lh-supramarginal	ctx-lh-frontalpole	ctx-lh-temporalpole	ctx-lh-transversetemporal	ctx-lh-insula	ctx-rh-bankssts	ctx-rh-caudalanteriorcingulate	ctx-rh-caudalmiddlefrontal	ctx-rh-cuneus	ctx-rh-entorhinal	ctx-rh-fusiform	ctx-rh-inferiorparietal	ctx-rh-inferiortemporal	ctx-rh-isthmuscingulate	ctx-rh-lateraloccipital	ctx-rh-lateralorbitofrontal	ctx-rh-lingual	ctx-rh-medialorbitofrontal	ctx-rh-middletemporal	ctx-rh-parahippocampal	ctx-rh-paracentral	ctx-rh-parsopercularis	ctx-rh-parsorbitalis	ctx-rh-parstriangularis	ctx-rh-pericalcarine	ctx-rh-postcentral	ctx-rh-posteriorcingulate	ctx-rh-precentral	ctx-rh-precuneus	ctx-rh-rostralanteriorcingulate	ctx-rh-rostralmiddlefrontal	ctx-rh-superiorfrontal	ctx-rh-superiorparietal	ctx-rh-superiortemporal	ctx-rh-supramarginal	ctx-rh-frontalpole	ctx-rh-temporalpole	ctx-rh-transversetemporal	ctx-rh-insula
0	30	10.611300820975837	3.3310055303123502	2.4788704978210943	2.688911002623786	4.766708692451227	9.243339152275073	3.6953739123511897	12.12160603633216	9.643205001921539	5.697135949370069	0.6428297398701202	3.19476913726991	6.343379814490895	7.808975875640336	25.553259894116344	5.74977661665513	5.987942087429646	0.8066407016345433	7.970871620102562	12.46159742861119	5.867312091627753	14.351106438464646	1.7132322064655814	4.470759578848954	5.785311506575682	6.654537906357983	13.936704688013494	14.349898052928166	15.460942547723349	23.62956500137767	7.999050152895254	8.656901232359276	8.76891589435664	6.113447748191122	61.930615862046395	2.3155181058556575	4.945463785181608	3.8746491780022247	2.7574892839752527	14.263835811034625	2.398265769539722	1.6785469875492574	10.592210817302504	28.059539793890433	12.43348138762685	7.1869507407530895	8.259976270719367	13.052492898793139	9.109357184591893	7.510911866695041	4.145376688202785	8.572270838328118	8.641991504408997	9.123034848683645	7.649537384682948	12.842861002832786	9.809832234031802	9.945697559840491	5.056083910801405	27.392857327883068	8.67177222170823	14.40893382963602	20.02933848319228	14.463354795350734	17.096669074202406	11.857023421841868	13.20824719270186	20.387434233246108	14.019403185179723	9.36398279422391	10.463038075926974	19.990283434185102	2.1653587414362674	15.548872973579332	12.842320384248772	11.571516385983564	13.564453366889149	22.5412008409259	12.736640883736715	5.575621879815113	3.860763421521448	16.202531778937022	7.594086289155943	5.271041914753825	4.956661072645155	9.795514293782952	5.504824678770917	12.208835580380748	13.005633857665483	3.9629401183281305	17.457034253206253	27.064845171314406	7.334048512477496	36.69264027031436	13.301004761161854	26.562884200121754	10.238573279547746	20.678008914550986	17.95066015705938	7.790175209139078	19.125456969177645	17.931667773240065	10.55834429051727	32.23059573976494	16.952384586926858	27.549780104202885	8.4966768291693	12.946890549772249	24.69962473356464
30	60	4082.4953300228062	2667.710197550905	4603.379729157561	4476.805418379718	5430.941233528531	5685.386237435341	4534.565094943895	5997.144218141515	4248.31619328878	4481.779209334537	3977.7582362792714	4325.974319139152	5270.153787908863	4804.0853099892865	5413.069365035656	6443.398672880509	5343.849491384158	5888.917201450893	5354.761020394259	4081.5418475517217	2825.1533937426375	4008.393521012931	4134.024888835306	5695.547089582453	5820.32945139705	5253.7667929745285	5913.629245502595	4298.125724694488	5261.603722149006	4918.132187830259	5182.550580793989	5474.028241334138	3505.2352572354403	4249.613128159072	4662.887303880423	744.5073311713635	1047.4310220299838	5705.787692303304	4414.636079666204	5154.798921129526	525.0153206430717	4943.9009167527	6549.909200346871	5414.416643630736	6172.513238002232	5006.1305983992015	5167.3529440812235	5366.1189362220775	5043.408834234108	6500.340318734044	5246.039549680156	5885.7434289992	5655.655765224941	6337.37662514859	5066.898024156392	4969.246026804842	5574.663140445722	6473.572644636499	5358.2966552461385	6398.818734664001	6782.883457389522	5264.813287461774	6473.872843811268	5410.62482107821	5931.048994964537	6509.012885065362	5899.113524439947	5902.347672094209	4675.497602570133	5113.956387208565	5749.300029973534	5582.638917810777	4171.850762951986	7685.5348926054985	5982.399668927734	5765.2849206406045	5955.964394528642	5367.222718453087	6117.8266223070095	5572.4572132548865	4881.609737336366	5417.449923847045	4917.222275925166	6143.456060163551	5548.0286388386585	5999.594178928074	6457.168944538153	6056.759352149855	5060.729585233522	4862.861615877721	5167.515083515625	6395.088447400737	5540.042571948184	5713.554865324254	7247.277292510609	5350.239987752956	6835.526056876503	5393.2450580576815	6014.062308303579	6876.497011723301	5816.2634763186525	5413.604879926819	4806.44898853407	5625.185582018389	6003.238387090907	5815.3032080898765	4731.585159748356	7274.649604641661	5978.635166948006
60	90	12503.271761830076	7504.322704539183	11606.147259478803	13834.190727598007	17066.060204212554	16931.780281253017	14430.321731612183	18778.329061992306	13210.200698889308	12878.78574179843	10747.341969643614	12316.32084647019	15255.108293096888	13999.455958775112	14003.059647592156	15983.58047880509	14330.118500347811	10827.7138671875	11772.735717205669	12568.813804091895	7993.53441848127	12075.622940238865	13944.203968581176	17340.926717277594	17259.736532227766	14400.363268311237	18167.252792002473	13436.446897846186	14495.872966664137	13054.960894649976	18156.47769125406	13062.858785106519	15883.909401633522	12237.206306876717	9273.509059433109	2056.4710720949142	2953.6838340104373	16752.31793532675	13872.361280358356	14351.351022288214	1487.5284715983926	15909.047878034335	17632.531264401554	16318.19950996842	19569.24246651786	13143.341317654134	15323.353790020023	15939.763388209709	15342.252370298716	18425.409215277083	16032.614952279015	17040.22031055864	17753.440979082257	18842.179356311215	15999.597920868198	13476.355651803167	14769.00569296591	17874.790402510924	16298.831441781878	19324.599477852273	19513.981327517024	16266.937535837156	19078.70227870772	15932.681160397457	17690.14736673092	18445.796028968132	17618.124284131114	16858.22365184885	14584.105259663014	15607.456342322357	16608.637255821453	18031.360875746785	12691.168273549794	21995.735117515986	16914.250353026557	18193.044764731854	16041.72435636602	16864.449190027575	18729.27075105993	13568.23751398683	15326.095107471217	16938.41820565009	15317.264393958594	17431.54032272196	17732.217436558825	17875.095028243755	17845.999078821766	17480.678768486585	15919.28879830666	12814.56363184552	15321.6076234375	19184.719249665723	17182.060255430908	16820.61156402861	21945.54738618827	15997.163503932554	17676.74194570907	16310.630991095726	17317.715911654435	17417.84649447737	18126.754749961972	16747.08437129671	14999.808278152022	15883.28792637097	17605.831635980034	17166.11435341715	11681.684016877462	21867.927195023516	16385.240410064638
90	120	22141.702676839122	13409.52635274386	22795.84021935096	23938.124805516836	29845.136035358122	30965.543471530385	25299.27832891405	35285.402472166475	22970.47930958208	22667.387371412788	18874.338659050936	20363.329645509788	26170.748776398043	24656.67994550209	24565.40350515282	29831.97279336486	24644.267755225374	21530.218191964286	21398.764378179505	22289.003809565773	14043.163278942751	20808.280655082614	24048.993300710787	30310.767493650237	29843.017311647465	28627.228140777752	33480.6898054664	25026.45135912414	24824.395081158982	21147.714234234536	30401.166756854258	24770.863448757595	23580.313565340908	19693.442162146934	14642.100182399277	3360.710495609839	5024.67902734996	31774.237953275184	24919.236097322355	24723.907324811895	2575.3023472228683	29517.531658658936	31888.374879301264	30460.178667330183	35314.27323069853	22126.473859077232	26125.888010580707	28070.661044088774	26445.446725083995	30258.562280204995	28702.012308159185	30217.437974868222	30148.303994723552	31597.869746387452	27565.124876889906	24539.715338516562	26334.110887029972	31135.659370492453	31408.43246213136	33230.16518056798	36784.82017027689	28426.665314411315	33103.97540770556	27977.686027345368	31313.746463719177	32024.234829439974	31861.872386672734	29578.46019785503	26637.718050361244	27298.5723464	29722.660312985376	30552.124006383558	21290.47307254235	37958.88308486992	28088.683985739353	32090.775072968347	30151.04708105886	31265.518502606472	32108.408879275437	23901.080651434102	26327.010750953676	30190.412627055	26248.354889377544	31784.428078271027	31119.683633948585	30948.134776315947	31657.382914123857	31214.966646492387	27533.829973926728	23298.73064777194	27344.8685534375	32667.675012610493	30967.21105204476	30967.105400164248	38812.93750321502	28459.924658407843	32396.322855322007	28650.274845292482	30702.048576879388	31826.35308240622	32346.93532481954	29754.711263870508	26691.141669885197	27712.36473408474	31018.46035962124	33054.32620962447	19903.88783663618	37550.68466248804	28526.3092009062
120	150	30869.426221904745	18531.810781997334	29975.318755463286	33886.00791119806	42514.24843576315	41743.56360667741	36585.53982086988	46957.16793776579	33842.36852127259	34025.59058881661	26837.064412413692	28705.4717852596	35632.74539783376	32510.172872131123	33032.26262402596	43334.47106267063	34711.51079878659	33998.01450892857	29046.084708091086	31074.93600612814	18244.57612177659	30734.35549868295	33308.71642191009	43089.586530996115	43794.005996647655	37017.3978400558	47549.49727752892	36227.85039958429	34341.46337644114	30005.945509819136	40002.27661097583	33550.87727548105	36858.38121448864	27128.305352850275	17314.954690728307	4486.144496319642	6782.281143689953	42769.28546692424	34302.07473459641	33589.97476601556	3601.2269125378434	44318.99392967757	43050.759033203125	41861.181185841415	46990.999942883405	31702.087166284007	38246.7149433927	40054.983682453676	37310.418044902646	42141.45900784066	39840.89237776906	41614.055237316454	42406.934564044444	43182.004815183514	39184.014737785285	33398.446955585234	36230.83141294778	43341.9558076476	43474.135294854175	44332.78423434305	50548.499906632154	39316.81778621942	44245.07345940768	39597.08267020436	44329.365205258524	42706.895073999585	44522.18156188645	41369.46633893075	37594.83600545626	37740.24232564865	41549.223276787256	44856.97769703584	31287.83551960344	49952.94797871409	37392.85260675544	43933.81255729616	42470.42593670706	41302.24988787872	44794.042809165396	33295.05035611073	37645.4422967255	41821.05367207876	38169.31974165544	44072.9463879965	43342.514364597366	41853.59189886907	43279.66451412882	41313.07768987654	40000.73790503641	30052.98097314758	38386.621785625	44838.15848485941	44952.86180585093	43833.122420189495	54040.88649048354	39232.78521828548	47459.33676822997	40000.40114127874	43947.46302155581	42127.57288632922	45334.04526289095	41630.648884732436	37635.10075183968	38958.211037575085	42471.42268176934	46396.60656676733	28656.976784409933	52815.59951719946	37116.33986709648
150	180	34034.86594381631	19374.090749890773	30150.408093859267	36898.55762150554	46439.357453412646	45652.07676348279	40894.206124073324	54342.40116224376	40580.880256024095	35195.45875871514	30123.30289772912	31145.338099629782	38375.1719447685	34691.36700595954	33675.965561662226	49354.64297728159	36791.10066832569	35239.09709821428	29624.550015140503	33996.35771355112	18727.2505173811	28951.8126197318	36225.29455712006	47093.95209867066	47309.56853951526	42793.10277949736	51717.89659018764	38600.34885948251	35018.394192581916	32191.476273210083	44001.76019119769	36607.59388495551	42699.35617897727	27461.510920597957	15021.052766658058	4654.783122225585	7214.863661595186	48003.387792858324	37936.64108026975	35706.29374566671	3993.200765783246	46652.352158116264	43666.21927668539	45899.57899382677	51943.488564863444	31919.963834863967	41560.42425699595	44029.40020395429	40781.526088183244	44120.19507393247	43647.875883120636	47194.75621270237	46311.90819623014	46872.60701590788	43370.59560800337	35231.494110499676	39986.09699771376	47728.5456212014	44204.51838980386	48002.55494405667	55941.63491653349	42455.5937491638	49494.383456115334	42713.446467701	48120.73911170263	44370.597159266705	48256.84307739897	44602.79529370131	41227.27625214783	40005.03714794688	45883.82986476265	47863.29733096852	33900.093135988835	56254.37249255431	40448.11021079792	48977.90621713897	48632.97538979033	45296.24759769777	49622.4216338367	33171.31139564416	40490.967579006865	45829.207062249676	42379.66827927953	45942.558386390185	47955.92189750395	45280.15533672298	47322.69450599891	45299.901181982685	44637.19032956614	32374.983571796944	42189.662335625	49079.9205188717	48003.01738812925	47271.14475538645	60374.94974279835	42194.80581977155	51119.78532057688	43328.29751321404	47921.92384272202	45504.60696772338	49708.42757213932	45415.84593388328	41128.17392638686	41472.889778918376	45850.53567782951	49145.79288176208	30811.334795001272	57397.66785913584	40345.06945577291
180	240	34720.27229799381	19697.574962202216	30796.27216728584	37989.882628195075	46654.224118941725	47573.46906628594	41186.8075073744	55203.398856720065	39396.52438253012	36982.27091633466	27619.719623257555	32040.468463070996	37348.02901524609	34535.04877893916	33034.92469996568	47879.897873805574	38050.17484941904	41535.880580357145	27450.124863735466	34732.84708244259	18541.366732660896	31042.50838870929	36872.622474109805	47388.34463477932	47665.03598253507	42445.24397631528	53238.597269372534	39538.40954164277	36211.873984185375	33525.39987182617	46807.298284181095	37323.14185338903	43010.237748579544	25486.12264578683	15607.271185756716	4851.62890214301	7368.7992866821405	46637.031269141065	38435.2262161571	35115.511820181295	4241.86524095594	48487.39993067688	45482.480546929866	46034.52737181561	52279.680895483194	34873.46774992948	42543.915714820316	44248.406747454384	41574.14916827984	44313.295534328696	43747.97275435532	46750.436273060994	46851.2419825347	47162.63091463754	43782.184858515386	36650.43778242489	39418.52679230725	47111.396052438104	46559.543337827294	47874.2056945598	55517.80027966926	42813.59537963494	49993.07633587314	42984.78234659915	47987.537044601384	44814.449704775165	48579.70183348331	44177.758418494406	41009.39064220815	40891.42769128424	45383.69549400968	46346.09233362535	32472.998966488063	54600.470196708564	40299.697788015095	48828.884554977354	46991.66154493022	44611.043566038046	49537.70771365282	33800.5408843098	42018.76929902507	46881.85280525219	43106.34194551755	44838.20922532126	47813.44417187645	46443.736142815294	47260.096276289456	45068.0291004223	45364.10073251669	34113.888123048615	42691.618036875	48454.98084906642	49476.630797606835	46686.6724868925	57222.237254050924	42280.30010481514	48719.49141316264	43272.81964269199	47954.378795003046	45311.77729551346	49601.83451738218	45228.58767164992	41876.917800544805	42284.52058582848	46508.20095921383	48966.55222557773	32742.379976498985	54609.56703902264	41388.71794558084
240	300	33740.19581661027	18293.62909452033	30336.971140187936	36576.63960566834	44671.487010812234	46621.752714625996	39177.63926882248	51292.72817218559	39596.18639024849	36131.44119518022	26611.83027353928	31392.042113558386	35626.015559358646	35574.76475530492	31117.02216380511	46466.63377839801	37234.89008388533	38551.62444196428	24408.217467599323	33749.82484053853	17600.850534348454	29601.82495210728	36717.20876148119	45468.56203318311	46696.987848961544	40009.1506240252	51627.800451320305	37876.376525766915	34908.94749184618	33230.61213119716	45268.77058813582	37818.61488534433	36870.491743607956	23764.169115674365	13685.905176588327	4969.1711163576665	7225.357302038066	43777.38132096919	38604.449331900534	32919.04264811086	4370.449194032897	46706.746937539705	42281.5888438707	43006.48012170214	48040.274095982146	33048.53987254733	41278.42281485444	41711.68543358934	41083.21158517826	42557.8271073726	41652.6648716962	43869.41603068524	44637.04119254077	44126.80579236434	41956.628911534535	36046.46060528465	37948.593729291315	44210.81817469681	43201.81228161107	44701.188829203136	50321.98550844219	40369.30836582569	47107.26615165063	40699.98119949234	45501.775548444755	43895.289438943895	45730.08909662856	41817.07286677294	38692.07955319677	38864.51827387131	42436.015469949954	46584.24506692326	33480.60583049923	50646.13940001971	39553.29194745244	46172.31795493152	45118.3783699753	42052.20426455362	45864.95286597275	33104.52669220521	41275.25194493624	43863.84496830174	42372.16654397304	42563.07960791472	45375.270938654234	43423.29352541643	45408.56176105148	44105.57801498649	43575.04882338441	33125.60502184852	39014.126823125	45691.85597517134	46382.81449065502	43925.103925346426	52257.68302469136	40358.61704742389	46498.465638704016	41413.14995955338	45129.33987205936	43997.354407546016	47044.03489252442	42931.494969392545	39327.827116963	40156.75155725351	43944.36765960781	47474.0973985688	32244.690430084476	50790.19921875	39376.96672890424
300	360	32079.545315735926	17748.64497102649	28456.792135598775	35447.910210465394	41697.84899176273	43274.11573607738	37798.26670306078	49417.13114308582	38137.704660203315	32241.67498560446	25386.49084097349	29267.64332708623	33766.17067891238	33286.22432320284	29034.149554743017	44803.2112330587	35921.328713356655	36775.28125	21547.1931670906	32117.17942317349	16209.06988164073	27561.553430316093	35243.931222159845	42056.5899998322	43525.87900884325	37568.963674236635	47659.87603204066	36855.65536840596	32928.08011832524	31459.24324516401	41309.765134604975	37260.84533194083	35231.41366299716	21030.71438766312	14747.27253357438	4713.3801941161855	6964.531874774585	40033.239220634656	36139.39987600124	30263.90161953847	4348.035255773786	41556.28351665079	39722.97109676747	39077.46601405574	44859.501125919116	33077.86931399668	38891.89304663333	38306.80663039922	38713.10866992168	39228.13113196773	38467.61675319395	41550.62371399661	41356.47246005997	41580.65860059019	40148.99099671811	35260.389299904265	35172.37197446086	40741.44589848126	39585.754385977685	41684.7721247684	45679.20382417315	36486.852426892205	44265.8662647784	37466.304475189725	41298.96938634277	40403.48985148515	42187.3755916895	39073.83368366123	35408.13772088572	37075.036396360105	39469.958563296146	42463.32686659869	32557.44284121535	45762.954749638666	36612.71353147774	43954.25555688498	42967.624278011484	38522.129854090075	42081.2164640101	31650.2718199583	39218.76916097093	40002.05394881997	39465.75001067177	40274.0535119743	41514.439136980815	40812.491628990305	42158.00391155981	41024.175793884606	40421.99558669599	33075.99240049691	37656.3031346875	41930.57708063108	42542.92209470701	41525.315871460436	47909.40714618698	36456.71887034883	43500.07642170037	38272.74093862756	41823.93693602437	42332.563122524465	43720.635864111195	39573.812241779655	36383.4049268768	37142.62369680945	40643.38347242121	42425.76671973477	30316.419623348578	46938.03771225287	37301.27111792395
360	480	29636.331494892034	16485.474228235376	25402.590007648603	32946.76887895176	36946.137918589906	40283.224288130245	33356.918744896415	44584.81938894663	35807.0360532756	30385.67616740071	23226.464703295987	27941.092958085817	30850.701773652898	30990.78240407867	25257.079358951065	38808.03937024668	33918.657686430095	36789.695033482145	19738.01616703004	29799.101888419213	15335.062915758457	24840.75835877634	32725.989198493986	37816.03032635533	40153.58067899391	33475.84559986614	42616.47671203384	36641.22001236382	29909.04933897148	31171.537246077027	37028.703116544915	34243.441801396126	35850.192826704544	18498.7145043677	12393.800861957645	4567.676356271862	6660.467657583126	36012.75042552064	33583.29639861178	26555.093625477955	4337.951136104753	38662.409271925295	36841.50250724192	34065.23346120789	39401.48586725315	29794.316032080616	35172.8675890001	34271.53547324934	35191.13327312832	35160.65464573113	33927.450439021326	37053.17825124718	36309.327915960464	36628.814794747974	36029.44220773781	31490.614031035777	31455.930116169817	36089.144411340465	34716.764102465175	37113.74946442547	39702.875086853805	32642.03571805715	37837.48688633753	33216.452617009425	36614.49562598743	36170.85562216378	37423.545710155224	34517.23014860377	31123.6932978718	33290.05292739578	35159.78294720816	38538.91073428883	30462.23862775924	39397.49677125306	33601.8029852062	39543.62153779525	37151.36286913228	33658.40165164334	37142.80912222513	29609.985200625484	35047.56611255686	35364.1869121705	36083.987031795026	35279.86098203855	36883.44318832684	36117.78024419101	37508.51964600089	36656.646805787015	36319.94933574788	30049.299988065202	33255.711529375	37470.83727461248	37805.49192048952	36208.43460146747	40674.84837641461	31701.022316270766	38819.12365385362	33489.92043078339	36475.33949762378	36591.982429155985	38291.59498899168	34756.13512869175	31479.88817681266	33496.84673692193	35968.037617970986	37967.70444459034	29110.248913474974	40298.21311732701	33680.06714122078
480	600	26530.012228214964	14851.02421932487	22842.754684768355	29889.411499983	31037.259233179615	35599.236859688055	27931.15064867146	37714.64645115097	33747.165730421686	27314.316333299616	19807.19886354384	24993.143416406972	27366.03498212354	28304.35090430403	21620.11244789143	33665.98528300507	30764.792711087215	35453.00864955357	15948.353626150678	26744.238205845846	13862.433261726528	21538.9730154454	29072.666641525204	31541.79340541144	35567.49533537878	28518.54373502621	36806.92768955159	32286.22403866829	25507.3939022679	28284.157240358116	33505.15599352904	30927.20337953921	30460.281383167614	15374.234855232658	11317.604338842975	4268.981667087159	6222.182242209653	29110.81993814491	30422.953638623414	22254.796583614996	4264.1681102687735	32871.30584067927	32146.438963472174	28785.965367037817	32629.85175682773	26714.584743488278	31166.500166696693	28618.561778129733	30700.8798134184	30443.658942293252	28578.621694299665	31717.00945253671	31184.188534698682	31975.499291827946	31338.405831934564	27581.72104705575	26219.37777111813	29946.23888145411	28560.826919129122	30710.694737992748	32947.349574633474	27372.295292729836	32546.400195064954	27991.131367082275	30889.72540364302	31435.65033486747	31603.735852178605	29033.296954826856	25892.093531512266	28943.848714071668	29289.980393415903	32451.224711698644	28098.97831349461	32776.23378098721	29552.301076947457	34556.723642923585	31971.00587189503	27956.949367379904	30650.758566209748	26582.75487124066	30904.69467398644	29929.898998186593	31973.2733206822	30368.83012120327	31205.306537542394	31462.990798660267	32213.51225607324	31187.23753888993	31291.661940989077	26841.774782560213	27182.93081	31335.055194922174	31450.82818246785	30585.28224045896	33351.025618087704	26455.11272094556	32484.613377056816	27931.680920813	30773.266107143867	31915.638180408318	32466.15706383295	29345.221558296525	26146.72801736403	28867.198178735638	30039.23276873657	31270.44721146271	26230.59374880907	34238.594965720666	30335.777341090274
600	900	22340.857972340833	12398.2477256657	19157.519141990822	24890.596124579435	23469.91542962656	28475.489957220547	20965.36417724466	29358.34883924945	28234.142355986445	21672.169730258654	16161.44565549277	20835.58366337986	22528.398775533307	24850.576960189876	17180.791405492975	25901.96492906591	26684.952030446657	26452.426339285714	12803.936876968266	22361.719026793937	11689.077756034621	20078.36715382543	24996.528943911864	24125.00137304176	28149.917060703414	21645.444015106445	28750.464612284846	27117.703177859807	21920.758421761228	23959.496533119516	25942.213420477092	26168.28914433232	24662.566184303978	12358.722858806233	10297.646492445765	3924.4393556272767	5640.378376055105	21827.99268553583	25510.75497384422	17089.674480890666	4141.612779890885	25821.69506349931	25676.008591555477	21783.971675085344	24862.376944918593	21537.907628647663	24957.608006091523	21912.90170734524	24576.897744034963	23587.19002725145	22128.367141038147	24715.06482939571	23910.865353154586	24838.6629978266	24542.28365074469	23009.055123480346	20682.90030113389	23626.393182267744	22462.06681973304	23715.889372664038	24978.647347484715	20730.97255005256	24959.52914494465	21365.185746396473	23495.147838133053	24874.480175458953	24330.359998197706	22397.667565677977	19277.47075486895	23051.041152079073	22736.926173130567	25396.48110064338	23011.06167623845	24922.32415715881	23543.923217707845	26675.09675383547	24833.571100218684	21163.132503993456	22819.52420341678	22159.498850363052	24942.78979224478	22266.05309767517	25429.0614562625	23518.057199547315	23787.165689045512	24492.03210232635	24813.26739862393	24364.350234864974	24301.55735512743	21153.751086327775	21238.09063015625	23936.449631843694	24241.910969009583	23553.335638053708	24921.64477076903	19921.089575601643	24910.19890434599	21140.568193744202	23462.681278906515	24508.71291428821	24756.274684640503	22430.61383229481	19442.596415907297	22691.211272815417	23138.32669854719	24102.945913209034	21864.748368426066	24827.928327287947	23790.755733333568
900	1200	18458.600988894235	10709.098111907308	15477.497568837412	19522.559472436922	16590.494330146077	21215.62131064411	14854.929729504229	21803.959156841313	23134.47563629518	16316.415818172622	12229.279084412861	15993.072087353796	17596.9695559736	18999.880433246766	12654.914075747942	19129.09620130899	21689.975088413255	20437.376116071428	10579.801068919574	18456.30776821709	10339.544697631156	16641.560965936304	19690.41960550959	16961.84285461078	20868.560919979675	15740.799363513393	20888.424877801095	21976.11703160837	16859.517535080402	19402.877591485845	19074.359763933982	21440.585187671804	20154.894442471592	10314.068985153031	8751.97365298941	3544.558431999575	5139.321987398249	15568.133923418065	20889.10608196367	12776.98605012459	4011.797227445013	19591.82866312275	18918.850601024842	16165.185737600432	18050.309485622372	16987.233122707967	19295.24385721316	16423.96856748978	19012.351203821036	18108.923273553264	16873.702835002045	18864.018134765625	18090.683554888077	18848.386707929363	18659.72864245384	17475.850994721375	15427.591422195688	17852.875247039898	16797.14990652954	17823.058668121485	18644.491855827022	15388.148565065343	18380.06893491564	15945.801966035213	17425.398332638477	18862.939725788987	18202.37075163357	16550.02347390673	14175.452770520082	17453.13696648152	17069.104088256845	18279.447376924403	18484.107843381033	18044.08026358291	18467.181705825373	19587.882876536885	18280.48953273154	15687.824257378203	16943.70503346513	17299.398965276436	19600.85524324406	16415.66542040943	19474.404378199626	17693.616393107477	17762.401421042716	18465.172691689866	18619.63990316087	18456.077256447963	18143.000626706613	16445.214079313253	15640.8742009375	17633.752184567562	17828.416325638635	17505.918662900578	18770.911362284594	14581.269665231124	18336.22808024973	15498.62173594298	17720.63176649109	18713.956698144804	18567.630071624462	16378.290010903063	14087.454775257562	16899.616503241923	17132.40042694529	17824.43722098214	16780.216503112297	18045.860486088968	18421.15101728585
1200	1500	16446.853410469386	9896.686405624827	14671.448638275786	16411.153045602892	13302.524574131297	17078.689501527315	12165.815086055627	17583.38849567565	20017.66433405497	13318.807222282743	10855.764933671102	13328.955783474996	15250.65887840549	15741.149788992745	10636.517781575521	15210.139060367103	18420.614699308215	17428.53348214286	9709.240500090844	16320.627101030086	9508.554485972187	13905.460739194205	16503.098403483527	13420.480651460419	16866.216867317547	12893.41988883719	16935.778573270843	18979.13214189722	14122.05384414821	15677.828138377568	15472.100467566288	17999.905129891853	17357.359286221592	8941.112442184281	7774.219956579287	3374.195307186605	4923.86370183991	12404.509707281557	17536.2102419243	10860.619834311212	3980.215384619666	16565.62845746969	15572.154964146988	13541.613723962357	15304.742143841911	14265.570910485363	16296.941361303227	13883.689819147963	16303.120727122603	15758.996392546056	14473.76634252472	16150.338497858622	15622.593378147816	15654.689306370108	15818.179020523177	14697.025796061616	13293.24313115048	15063.959699784164	14125.393846600704	15319.968882396219	16063.010446341717	13014.475096805118	15162.51101015427	13335.12341458336	14718.991834568182	15504.01345255131	15449.061789563564	13769.461049318177	11793.438550523686	14775.44517685287	14569.294243193977	15413.246325324564	15134.11678323922	14988.748486225473	15497.336907437513	17018.150795489782	15705.95017705412	12915.476648407739	14207.099545213652	14322.321423648007	16447.374725466467	13710.907753356843	16289.351571742518	15386.133428008177	14958.289037273798	15591.476869465285	16166.163180334117	15592.132872360293	15179.265364267294	14666.975082411072	13807.089839453125	14617.755084730496	15016.366278178793	14926.806409652392	16932.790511268646	12098.067833174564	15086.553345295037	12786.244108932051	15115.97093866776	15509.64341634873	15429.942129982883	13669.615352351253	11746.0915681411	14018.218433422047	14265.447343498165	15029.64231798188	14468.23133931974	14347.991321797273	15464.161564426824
1500	1800	14923.341959637408	9406.237110381026	13225.28023246285	14285.390811155514	11124.484831881675	14673.086978311452	10485.020870654498	14969.702840915877	17127.829311935242	11215.54474971209	9157.475198162292	11276.747153667557	13143.21586856086	13406.457489572602	9719.54104685229	12893.942371386262	15610.285907671367	14863.77650669643	8860.034320872699	14895.959948162114	8598.819103689577	13184.581286667864	14547.733991874298	11303.325683264542	14093.900388939195	11180.329934416806	14328.383179905004	16356.546388958572	12743.724449237712	13080.330357172717	13845.82551519661	15316.386379326714	13594.788818359375	8549.253010173421	7243.576434174845	3311.6113686266035	4787.9218033772195	10639.213735408617	15517.568055713635	9727.09188277285	3948.6532309847703	14568.52387428526	13471.032772449966	12479.926197631987	13736.601013163077	12593.082515858121	14723.590031775813	12539.300802077518	14522.475835956157	13943.570343787545	13055.032412971252	14086.070044533602	14276.600851076098	13376.027551950652	14086.70541677562	13113.628371525547	11503.329689245447	13759.670962112088	12783.095498567369	14028.989593357677	15005.002592043322	11699.728708996321	13519.127612211858	11765.213269503325	13191.964285763266	13519.52993985922	13981.952585430045	12277.647453195972	10635.078171087567	12876.548741055843	12886.083333312266	13611.532332925235	13335.106699579697	13977.603948132008	13874.152792084544	14824.38965475693	13270.315621139656	11634.673491501622	12578.248423655441	11988.459672144674	14549.215728346391	12120.272715265812	14480.721590978388	14028.772389018692	13584.33680524048	13862.883442466988	14516.129912680179	13511.838707020772	13406.831479492188	12670.369974753987	11756.5928846875	13481.360226583518	13625.800974959655	13208.263817899895	15166.181938014402	10902.562833425187	13493.08109683037	11240.36376411712	13219.05421807323	13883.362414812442	13843.811538809146	12284.371616996083	10316.27313141261	12388.588728870955	12625.745709504836	13260.321927521009	12807.161140553544	13324.682968451052	13754.833041945642
1800	2100	13735.96654183773	8983.650240403962	12330.781564138986	12689.047421986035	9755.198239011834	12275.92640525177	9511.90121135611	13522.481264820157	15449.20135071536	9314.847852729707	8643.90937828235	9958.74600942809	11811.647895270993	12126.46393761268	8430.904081438246	10560.519442887091	13865.597838485372	11947.51478794643	8469.341707167514	13747.277957258699	8213.92257498429	11584.642177771791	12612.305227154679	9923.376737747745	11917.161860417791	10132.034680530654	12280.77245726345	14700.57507257024	11117.723366865139	11622.834772606418	11466.410853794643	13606.834054452402	12164.138560901989	7677.3504149049195	6725.323464133523	3172.5518378734355	4667.761209274164	9709.814365701859	13346.848649151527	8928.546694512057	3896.3692751766066	13296.342746552044	12296.830234141831	11220.564162396971	12665.298224297532	10762.094841653869	13504.650951681577	11434.329071261092	13187.782585241464	13011.474094499337	12215.088606120253	12995.014240928558	13173.289053803077	12821.03691933756	12690.80054716467	11624.826860782521	10275.802380034578	12296.81333269294	11753.721488415194	12422.937822318034	13946.244070056282	10722.09406875657	12188.017360904823	10839.971366705897	12147.335038792435	12722.59689594936	12613.874492225847	11056.282814685568	9675.115886133673	11993.237775740516	12036.602753604577	12279.973503561581	12542.247505454312	12862.547180902899	12473.93280406462	13736.447326291523	12381.413628472223	10560.266048742304	11375.188600865806	10936.24244283512	13427.887584134292	11195.652506061673	13422.688508768386	12595.709107038552	12267.465396639362	12412.79757396659	13527.622191258166	12292.403741337592	12115.994711961468	11145.936250548826	11387.460587382813	11941.944042193105	12397.88209512923	11851.304011728613	13870.84805009002	9910.779820159769	12386.065347220874	10396.41060215851	12083.915565882084	12243.682146653658	12629.873313779859	11125.039629223675	9492.45440326777	11426.578703178488	11404.534154699812	12105.534256827732	11683.677668079903	11841.454193738042	12453.675660897426
2100	2400	12677.681360481622	8065.742217752599	11738.119383058347	11180.640024141272	8637.969594831879	10875.68410731041	8847.41549738169	11889.431251269232	12441.60210184488	8543.517088384742	7406.2880972603325	8972.468108462292	10610.53900314764	10444.172256413833	7830.072249853642	9779.339007349356	12025.282338163122	11067.464285714286	7758.222217175387	12559.355589105098	7621.483814682035	9976.77209800048	11255.531937213977	8790.271968277784	10477.971228313329	9128.732764438151	11144.721538603979	12133.22786428469	10012.621482952822	10361.388754230657	10487.816952307676	11701.488096110026	11950.061079545454	6910.297033288976	6108.899769176136	3079.0084956200776	4547.422279878717	7942.008304462224	12259.266550433573	8246.780755769854	3815.8656511538297	12626.220928549212	11010.409557556839	10493.934230582823	11719.657592075893	10005.568375047016	12462.466250007323	10667.274347218947	12197.35743244118	11999.08355514899	11220.894416736215	11590.36767331043	12251.867587793471	11703.615652128883	11869.06110468703	10672.845276977225	9766.63693264115	11807.007111532497	10525.555526477474	11708.650735778574	12656.027374148833	9829.266235560612	11035.480390309382	9889.114415365662	11010.739130612517	11210.770576784242	11516.022458540832	10044.5972814529	9076.058221763178	10838.091053034881	11044.058733842774	10613.909665276022	11144.54151333098	11351.171970808515	11226.22772462774	12732.836422832183	11014.262625408988	9654.921603953728	10661.537425418017	9986.614047003799	12209.038873895986	9998.778838647424	11961.003603104953	12069.553826847256	11247.676399791004	11506.596401661496	12653.844628552262	11414.96317313168	10814.244460662545	10808.008949136862	9762.1836378125	10905.679898300386	11017.739134080703	10840.252528034987	13480.808568431714	8976.536868630817	11039.065782444553	9450.074908581382	11202.97075913552	11088.875545391498	11377.241975784904	10037.017213627436	8755.324203364598	10115.95639036489	10446.772809897699	11120.735891544118	10558.299309657647	10641.662542849172	11244.09232904172
2400	2700	11735.7443241747	7961.82978781503	11221.37648874563	10055.093776867807	7950.998010190583	9485.162787546396	7764.061242883652	10698.737523443473	12172.871646743222	7221.102701985029	7207.69516364928	7823.387559850247	9485.456855551292	9582.099311577094	6967.4788581789	9034.97943277106	10857.464864518213	11842.453125	7559.514818011144	11724.58659186995	7373.319988739848	10055.024241948036	10161.816706940943	8008.564457639852	9349.397821699677	8589.702988263663	10492.155259292407	11350.312202103642	9422.0635722277	9213.787935021806	9181.012171801722	10324.287603307654	10617.160311612215	7041.296661041595	5846.830608777764	2939.9643071715923	4427.707531227591	7681.183785344716	11019.026818956027	7749.331470087313	3739.7031331108014	11672.323086251852	10156.521612960301	9721.63580254365	10477.48561433167	9231.621073180479	11698.028446959877	9929.217324004208	11413.670843084044	10936.584857884149	10432.536885917672	10973.174074736446	11471.77089596162	10584.352401968892	11104.9988260014	10862.382913126941	8800.158998375551	10774.544008877681	10360.160587022165	10722.71099539995	11866.05801617218	9231.274152899226	10175.449722812204	9129.892698131298	10151.286801673945	10708.285598764955	10717.972470588085	9235.280419804209	8313.734535629315	10111.429368273322	10236.618974725663	9949.24983215332	9812.212342586949	11095.134606856605	10588.621224150742	11056.053595502588	10361.60464216705	8775.08535474619	10013.267696920255	8854.613372566895	11425.307738496678	9445.48378336831	10975.64130661185	10640.88905994451	10544.878976756325	10619.306313322342	11649.742483153153	10492.854989212821	10293.497939784967	9984.97126981002	9456.192194101563	10263.637887222169	10378.19437405393	10019.585490347788	12291.080124742799	8315.405378106861	10476.75650015887	8697.19230024455	10358.984949840451	10301.545040191053	10588.9095165673	9379.113805494047	8119.398624971596	9608.767415449754	9585.642326821051	10191.946871307116	10047.54845179116	10533.012108004823	10239.020534040348
2700	3000	11026.670832199545	7751.044102000839	9971.421649639424	9040.737330133094	7280.971606199639	8352.167037760057	7655.120305776456	9863.963248249953	10970.189311229293	6856.299246860215	6887.53631754006	7126.908487441446	8570.466774568733	8541.76238812457	6593.415549739078	7067.430480480938	9440.710300874365	9691.236328125	6740.2273842508475	10960.956090183354	7084.403467885689	10069.296779588722	8915.22072331127	7452.139389303804	8242.968603906973	8051.7648696526485	9204.261702859734	10041.206604115898	8580.371272849667	8567.711771089736	8296.221518336264	9415.565837379738	9013.625865589489	6669.299052814861	4927.997907654313	2859.028550145683	4302.571935651099	6919.536519866955	9815.559857857137	7361.278057690439	3626.662648777421	11073.714284118885	9797.715045714645	9021.845267164987	10069.513964105174	8399.934306092104	11084.91562080741	9501.289633464745	10788.10461346059	10725.84215648622	9948.357191033865	10436.311371187876	10931.821505780397	9803.085801952198	10638.59703061977	9385.424050717653	8543.651516068167	9921.600405307354	9456.317782646232	10358.93311345495	11305.43671831573	8647.347341614703	9072.812424653686	8723.692031080021	9833.9433770717	9557.293776428423	10085.691025786875	8813.604894432363	7843.206408480288	9626.882024520095	9988.016315415109	9532.635167290182	9435.016441141555	10253.736839674031	9797.922318316609	10852.991068750338	9986.341603336172	8246.549312859202	9507.788955167445	9115.05516244848	10957.393253540486	8801.743225734386	10935.874263123613	10529.585616055783	9887.332980816835	10381.238631286276	11249.745313576712	9632.015788903182	9685.075684352245	9123.010819502328	9054.761919335937	9156.429261145273	9557.192345673413	9680.40420284976	11585.359551826132	7966.968333230147	9151.91091239619	8035.778269729484	9886.177900443705	9398.065213305641	9895.666658070275	8711.647082540572	7477.587053917185	8708.681660682603	9058.437150424203	9326.102868139444	8670.021722957952	9834.53171336894	9663.250739994704
3000	3300	10423.229066170017	7121.641772155537	9605.817864264642	8372.829516437067	6939.715645627069	7845.50362144173	7003.210993195028	8935.743956959575	9459.700754894578	6373.5243041505855	6378.692322254429	6479.737361546675	8399.98311130572	8087.234585604825	6166.765208163003	6816.147457128754	8714.501506665456	9183.529994419643	6580.803882025194	10240.055138629326	6716.385212297999	9209.62469879969	8184.359506507349	6998.197581876278	7472.939652531597	6749.084392574106	9032.526985070865	9479.655328313145	7615.432780263956	7723.531875819376	7553.788957516008	8755.925633917914	7116.704545454545	6279.1131434178615	4693.683240654054	2773.0799715389794	4167.307084614192	6465.97823274212	8937.991494591894	7054.311035367364	3518.2406138106926	10313.947286926554	9141.791291311885	8485.967231684474	9532.055853630514	7680.689142623182	10409.586741598707	8912.169795205591	10079.864847971712	10567.601730670554	9558.709839126268	9854.754732033603	10165.345979781145	9349.202064480949	9799.20047891588	9349.542187165274	8139.941502619353	9345.354247663952	9048.850372098339	9569.120245216267	10592.571582194101	8090.085070375215	8792.697352574956	8088.5425524462225	9102.079537149251	9138.672943256239	9616.467900269194	8415.91306394201	7262.930018189253	8942.857446285028	9247.195575937614	8994.815587212057	8695.236679647394	9843.383886924054	9237.498816357449	10501.060701911669	9398.562615027795	7715.3672926137	8870.794293510624	8230.905696815833	10344.54177284938	8151.966695334695	10122.504096388597	9862.432311441296	9279.626799816848	9558.42297076039	10879.514356471715	9181.83500288593	9332.672825868476	8389.30240377244	8174.179060644531	9255.083153621314	9860.404747430757	9032.878505157827	11176.304610741383	7476.106887796058	8626.500910013146	7651.2395161367585	9327.548813168587	8695.036737134495	9644.516081395888	8265.466891140575	7098.027912849921	8493.477013093398	8744.801496603017	8803.837040851497	8045.660432347244	10139.749734061104	9324.09794342646
3300	3600	9758.798614619984	6705.17378619533	8776.015457686844	7876.90838330037	6472.28916208117	7051.968846427327	6468.249758583199	8514.191937834481	8982.664176863706	5621.438846420957	5303.802939076545	5622.748840064603	7596.618130897895	7783.431496756418	5812.975030785691	7036.313283839947	7846.697346529745	5993.2578125	6734.547407188711	9732.247362717739	6274.334192902333	6982.450666756466	7721.087425316193	6681.405159649119	6967.026127472112	6409.34620063925	8237.318503673316	8148.397952354501	7107.79347329149	6774.312562289303	6627.069202769886	8149.626136497215	7307.6498024680395	5916.656183934474	5038.100773582773	2659.1052896146834	4040.093267802718	6715.25336984001	7931.828664326815	6786.942189871395	3417.7222167963423	9454.858225543334	8673.78743272417	7659.32886651302	8856.863556164653	7744.57931399178	10155.439120418176	8429.636969632626	9756.753120069116	9430.962971972616	9460.473599412646	9186.828991434488	9532.992138922596	9210.26086106959	9715.253507267606	8849.874177829772	7875.6708225179755	8942.130072359278	8275.871196119811	8984.316690633585	10244.505122203307	8158.102014242283	9366.262329101562	7795.031815160758	8672.195248491218	8261.35033124162	9072.15035534604	7943.89365801854	7062.042176458104	8790.186525091733	8721.206367104918	8734.450205634623	8363.33633855236	9085.73607765417	8719.818746248027	9467.168082921025	8693.868428548178	7698.166799652078	8635.130534697742	7828.9390177974865	9628.533817885896	7994.8856731477335	9763.840970598694	9176.220731052863	8734.95721001121	9245.560557166571	9963.329419782345	8601.70797695787	8736.171826503716	7678.254952286951	7842.4720753125	9123.714100569174	9284.453070464184	8944.943174798636	10600.908044584297	6970.559217020451	8689.014374963617	7513.777892259731	9137.107900480198	8430.130929454508	9409.08267906609	7991.767854945961	6917.6819838591255	7983.583056572489	8289.511468005687	8023.761658843225	7861.595526867378	7970.919671506298	8970.976254932313
3600	3900	9353.941598344205	6632.24926592537	7752.425525158435	7297.999622377099	6210.445528740472	6615.38647250727	6758.253933703277	7647.935154066174	8547.902985457455	5101.4570908261485	5601.67298743649	5277.559314261071	6942.200863665272	7030.340164799393	5567.627063524507	6118.987189663368	7342.4270416637755	9077.524693080357	5904.936021908309	9264.581832616337	6220.246313262688	7114.907484734195	7032.987047335024	6303.266893485309	6170.968230230329	6087.33158008918	7607.907992693784	7665.128957765912	6542.492524034815	5938.475377017505	6365.3004042940565	7300.621657477484	8590.543878728693	4860.361885489999	5828.511391884039	2616.343111298386	3931.545049350842	6283.630079744628	7768.574945086421	6502.830598377977	3348.7743646869503	9595.551432084856	9259.415791372236	7601.979070637518	8540.10432846967	6984.914862874757	9180.079290160445	8392.572095345624	9153.27791394294	9434.470866602423	8657.59968761745	8907.114386736399	9446.249203173891	8591.811339003605	8842.885432797546	7745.8463938107525	7329.793035202697	8552.325373863923	7726.141075973141	8663.73542917838	9659.391021541916	7379.766864726682	8177.170906482692	7297.3214113149315	8750.83260455981	8387.918921623608	8599.580785301967	7726.692621396001	7076.6674639576895	8301.04269547873	8591.451870316478	8023.262967726763	7154.083205531314	9158.832066493846	8260.487332728908	9912.320847966323	7996.138360700037	7188.359097984308	7874.894828014839	8117.286404750692	9378.495432717342	7744.9100864734455	8936.464985246273	8598.592206483645	8434.994127739674	8968.434876079662	10099.26713014668	8105.809222937909	8548.657546931887	7943.173742534219	7143.957533027344	8982.156115137795	9366.3752537186	9200.958114781619	10090.609467230903	7004.474022503866	8050.527863107827	7115.5937890891255	8420.301590942065	8337.484800255199	8834.526009457204	7293.999052002735	6676.954457271275	7924.582478436587	7964.002215929441	8181.257766544118	7822.838432498094	8985.204934256417	8186.120656890107
3900	4200	8869.189557890664	6340.3255803325055	7576.38648314576	6465.944358915643	5907.939783775145	6925.125894149206	6149.112465894859	7228.7318649525305	7755.439663144766	5094.579717750094	5180.139385849564	5413.6082511261575	6849.437961012575	6851.845444563981	4988.488519712936	7170.897595386237	6846.551707204242	4978.914760044643	5861.934727016715	8695.6358984721	5971.305038577719	7613.638293971504	6398.263128571334	6036.653373096294	6225.788549323029	5835.540662384229	7308.4494249560585	7425.1995058952125	6660.912125208586	6069.244722967279	7226.312886820211	6493.6655225965715	7674.6413019353695	5679.218943166209	3739.7812621061466	2527.801521242974	3840.565077087223	5688.241679617561	6749.247469257066	6369.887638821631	3276.0766832344566	9254.772797212516	8285.951540143302	7375.732025108762	8571.191622160582	6819.409216786101	9150.320784052079	7816.829019330143	8808.83729506371	9137.882696344988	8443.602824181096	8644.94604715738	9156.212463300555	8443.249751077039	8655.845739040265	7421.237203014541	6767.304789712161	9020.971359345242	7860.6196541119725	8600.285189567427	9930.278217716439	7049.758702694954	8151.247508156586	7285.794805359316	8230.142629685432	7875.245918742265	8384.288848781087	7550.195665429762	6694.233288128082	7754.331015853365	8208.519900736792	7991.914996652042	7761.806914543763	9003.238140274614	8135.936632618605	8998.76285751119	7738.084954155816	7293.947843598948	7828.658212950171	6982.592407289453	9269.316836055083	7578.866274364943	9019.299534177115	8199.528108571845	8057.341869922093	8183.842801885244	9519.05768496132	8263.600753692694	8205.590003247307	7466.118280143635	6896.624195664062	8202.069879264549	8903.601622508944	8638.794152414577	9496.999133150077	6834.437355790777	7833.873318074987	6716.093905985331	8330.822265210312	7823.59678287275	8634.511266860658	7072.585557924753	6306.373310708513	7523.371224422512	7684.869617293831	7880.59649463301	7687.755670017149	8527.698789635484	8249.36119916526
4200	4500	8489.095392881383	5732.299912673468	7836.714266690341	6583.10791865525	5516.3211320931905	6005.459043099188	5635.138514538337	7280.532637289904	7152.77540827372	4468.10787684224	4886.676578491911	4999.895427625429	6457.617662662807	5827.344926435869	4732.125297447816	6146.588979164635	6636.6289672423645	4037.724190848214	4796.762384742914	8379.364167230437	5365.5695455017985	6912.902109898827	6144.547128245118	5641.028506105717	5344.048941675978	5815.649102652874	7012.654219628098	7015.866363693377	6108.633404221026	6460.6375042641	5418.828018959122	6427.169401324237	4433.505520907315	4753.1420335036055	5012.993466716167	2497.245657638319	3766.5949750378045	5409.426126801469	6417.319321043421	6225.904435221176	3198.418527410297	9079.227606689763	8264.17070195916	7161.181259664529	8374.421560120141	6361.548524479689	8726.740535225455	7848.632016066714	8784.680280538734	8345.704981915798	8296.208841902062	8362.311380835843	8753.693254228428	8357.25550127954	8441.229803730412	7657.033286806448	6627.743971664304	8433.64365572441	6998.724278834255	8289.105179312648	9640.962687061388	6704.869351369875	7519.124791289161	6946.999687468635	7837.257177977012	7592.253996815697	8140.582484268269	7360.369698705234	6293.986034560737	7675.711491022597	7823.502053128067	8265.235909854664	7219.295004993102	8422.963405595765	7915.57282884732	8552.716176517673	8018.974006587623	6961.561638067666	7913.834633357351	7417.502174373511	8709.765648411463	7150.393956173301	8608.414820553187	8431.037372042932	7725.297073429479	8456.494746107268	9298.887783366845	7788.53423908555	7791.751035985854	8241.495716540756	6595.397120214844	8084.787811208926	9181.43608734644	8732.7672422005	9762.773181704926	6357.766082728777	8528.02729592239	6754.217736216596	7672.071535221273	7445.447665965568	8378.01635871828	6970.464507327705	6202.77696673303	7202.540286673814	7690.341791012826	6869.591691217503	7188.732554266705	8251.22840414242	8119.508090404361
4500	4800	8193.399630787206	5078.739330659463	6897.483215758851	5825.093178142395	5546.942505163718	5836.518959558303	5372.73895912372	7224.66887209831	7076.057220797252	4692.094738234562	4802.1210245407765	4673.738377009573	6733.147909863419	6269.069532457289	4525.135560186026	5626.513608649815	6485.091868194416	5867.512346540178	4810.300827807049	7994.737228763277	5387.615388720872	6414.387821592134	5686.189280876617	5655.272312537605	5440.434862573814	5840.588937973835	6952.012214976383	6586.991459557769	5942.62888735873	5951.993518724834	4862.806959804519	6192.6638360482675	6027.279474431818	4179.18271108774	3431.2209714779183	2511.7875295746553	3685.9800908492925	5038.817870541604	5851.418942533754	6092.089495590953	3158.190507977468	8772.529183645867	7492.969909667969	6995.560784319865	8068.051382943802	6752.874879766252	8585.469010961337	7612.8732453003495	8257.948736037411	8603.8711385303	8316.62566072122	8144.759006524144	8531.066545361578	8025.480242531055	8376.797216684334	6668.84688658988	6858.916787060562	7937.987411140033	7352.884825863946	7742.705146694013	9137.915080046641	6598.953143418805	8011.044647874337	6417.795781921816	7648.267495654682	7388.86900614622	7803.558802595688	7062.594454944987	6296.63457546897	7455.0461944847375	7534.067001107091	7988.46857250438	7186.571629455691	9043.138417982436	7481.137147865521	8509.074203162074	7853.183312962198	6695.171659235748	7666.874939188143	6258.033459592148	8420.004896066748	6989.726274816112	8090.411271998145	8436.30480322722	7534.739465009898	8178.083426817657	8536.56012765815	7873.414819228081	7483.383654382205	6880.788152907386	6821.080867695313	8126.874175438965	8796.03398695519	8333.151292269893	9589.291067668146	6459.358581170756	7978.569808149886	6347.216724326157	7646.813739198208	7555.847374908078	8052.278565595195	6822.644470076571	6032.777805973093	7210.843794937972	7497.087600342496	7754.167215812106	6617.521113598831	9769.444887122329	8171.30838274512
4800	5100	7938.787479994895	5200.453990055446	6056.06494140625	5889.507953761603	5562.608542163759	5406.308001872706	5462.29954793127	7749.8110009989605	7706.53790262613	4465.454528808594	4287.6092722039475	4443.246590511783	6167.628819432434	5992.144156878684	4359.138594122204	4031.9541160357353	5803.937475694343	6870.293387276785	5216.028144682655	7759.1979334015605	5040.377620185627	7019.9313085563335	5473.251002806449	5614.807127725804	5290.673235775422	5807.3855315871615	6783.345197483864	6604.156823170513	6043.145175733844	5402.564263121722	6391.018197460092	5520.13454804597	7094.162109375	4301.1008874243435	4701.940560837423	2352.8308955496727	3612.3363616752245	4988.517033524842	5682.932667705102	5991.7444998957935	3093.4816708149456	8233.572139056543	7890.313257453147	6681.26352758608	8012.562764082196	5733.334023065289	8407.965150276015	7437.476732679123	8183.795198666072	7895.335523722217	8000.732761314238	7724.63220326619	8572.215991939598	7740.206821117092	8288.163034927058	7745.493880375696	6763.387348904244	8009.663809825667	7183.090387356446	7944.703007328337	7730.545862338886	6527.941311774298	7418.984483068584	6611.0540398292205	7451.331677553347	6625.122529425794	7534.233253774593	6952.948279060237	6233.837943275166	7553.738449941448	7492.04071603713	7920.3528491749485	7458.842111701104	8735.191132511387	7538.388179231753	7811.917292781695	6836.211535722781	6559.6451457542025	7899.845142420327	6412.13890934924	8585.807403833474	6876.0094850815885	8088.58608068756	8251.039277069947	7441.638445429013	7891.84944262084	8469.312301693357	7190.059980628994	7609.967027493079	6605.286431617975	6350.190606914062	7435.352294171251	8410.580117511978	8065.331368198355	8836.314193913966	6257.280329990593	7886.345315274153	6480.044557658482	7494.001238507061	6908.426990690346	7615.843090932976	6426.6228069486715	5965.867260332763	6957.536351551087	7233.8428383691125	7496.367023577009	7277.012821749556	8037.427754927655	8120.0404533147275
5100	5400	7637.354170975523	5111.59540061698	5521.469041944384	5845.737384399894	5186.417153163291	5150.944543466464	4718.236002269662	6932.0763719191245	6863.283410438629	3937.7274700028015	4710.155120992735	4253.782317966092	5273.597218280684	5608.772450094258	4330.184164042313	5062.055563130728	5888.233043666197	4488.905657087053	4481.914049252059	7427.330611314622	4880.394966678402	6254.661166487069	5239.974060867483	5505.83955191302	5429.599550883602	5112.166209800647	6716.230792112329	6227.4822923012825	5288.621810433101	4710.417930341747	4570.795362596388	5238.167752442537	6447.187144886364	4569.474219018286	3525.571656282283	2315.2721720171185	3578.64423825519	5548.232590417614	4861.766761229246	5845.0640357809725	3071.531018807897	7181.352488393755	8196.433531686162	6426.898577620574	7645.155608012737	5821.6753437803645	7944.784173622889	7248.0799183471045	7926.979072860092	7646.547411581398	7629.1734112421445	7328.557207134201	8208.758347556588	7770.087943520525	8212.526289901176	6738.915366152361	7088.580837930415	7249.601928464773	7779.946759963631	7169.7368474775585	8330.172167317347	6224.141608483551	7955.910461503139	6490.8505797454545	7307.748211815636	7251.886589589135	7531.701244605898	6852.364197051123	6046.013419419094	6968.521921314497	7024.627560506175	7832.733929577996	6632.29486282004	7853.509658011508	6896.539087720868	8260.467596704122	6615.467774480836	6285.2378267305785	7488.62287329697	5945.239397429241	8383.427016834627	6809.494186733376	7987.753183475598	8249.951566698306	7176.515297649208	7443.126047850825	8649.498797143735	7083.124287473775	7864.263376251517	6460.711212022085	6302.530270820313	7920.619175716696	7861.673893118401	7970.895196430941	8633.878649450231	5773.948889031432	6740.121275358487	6101.478720871983	7218.116495952535	6953.866902972645	7962.726348624232	6233.138226703117	5749.254414975815	6654.31462369979	6917.787777998523	6676.074887161896	5557.88138705618	7416.066970513792	7479.709168560982
5400	5700	7433.895838461679	4592.510046719066	4916.203859129152	5125.866386336466	5071.105889518592	5055.673265852351	5243.185781088004	6528.653949562563	5669.367387283509	4851.333675551699	4556.782897599356	4129.032372696133	5639.913395817742	4702.84839118706	3895.3504676523135	4457.706741785297	5184.711133400172	4873.15380859375	3735.433280720082	7106.426928691206	4949.802507684564	4943.839111328125	5144.776494866109	5147.150357644241	4697.558110511111	5551.005947653788	5902.474103917566	5888.9218143008175	5218.501809674605	4786.712166929899	4962.750622858045	4963.0967390837495	4345.893465909091	4017.667464371566	2930.438943657993	2298.0553136985145	3497.006404500225	4400.90157323004	5453.995277284952	5663.853827241994	2974.105776634902	7435.912970330038	6848.626530850871	6750.1919500777685	7791.21747866334	6042.435358994464	7619.769836997914	7174.0785311240825	8058.194810416083	8228.78136038637	7707.4250581118595	7316.2472595067775	7721.848733140507	7746.395401924837	7924.800434868302	6327.656508471073	6834.608940857174	7544.541221309237	5848.173446126363	7406.124992637722	7313.713146843733	6172.92318384013	7124.531944284572	6456.116203409915	7385.739131918012	6673.287302109117	7337.677121642747	6435.0978462625535	5897.087944241133	6865.48908978678	7196.970732871015	7710.7864207099465	7821.414581963071	7468.3508042440435	7662.576418737774	7426.915196732265	6748.859732733832	5824.496812037759	7152.079451472585	5942.0025724698935	8191.91116664364	6120.165302341421	7135.7299512643	7491.548497827833	6757.073847366784	6997.302918148653	7665.791655512379	6957.727435963355	7041.649164019835	6732.564894636224	6188.488062910156	7993.269598618551	8296.554648797162	7454.246659470393	8308.860735857928	5625.653108333393	7454.070802903553	5867.022818844132	6948.967320294143	6890.143129432301	7219.357858346396	6558.44749587528	5713.038043907526	6498.216351146954	6629.9708840968615	7236.373514024751	5674.679676086922	7440.035344960738	7205.504198930613
5700	6000	7122.643626245912	4736.662999203803	5623.442469883632	5025.819741113611	4805.007900933012	5358.742838600058	4332.105377501904	5810.734787827238	6234.915210490399	4877.917721205024	4150.43444836941	3629.1925542385925	4615.761748794675	4998.890092451494	4127.280798387158	3885.792911237934	5216.234394227715	7292.1435546875	4730.775793362403	6872.140975013408	4374.221347583014	3815.5351057381467	4757.621413782373	5009.439449765903	4320.538782822013	5424.013890232315	5975.629344931574	5118.763183257776	4999.60845551426	5023.938360606155	3711.071412894289	5111.619801471851	5312.99404629794	3572.006818331205	4510.385148986312	2345.3852092196094	3416.684170405195	4638.999474034775	4399.666338119316	5665.339022725279	2972.8278600921026	8204.137441555155	6383.438226078333	6515.429997919222	7151.362816274947	6615.171539582126	7620.532561214577	6934.8957254111965	7668.909865810946	6592.714286636151	7371.6774026434205	6975.091637977692	7560.5445464578615	7173.521824234787	7490.623938787078	6139.193540126928	6448.860159212082	7309.4314811103095	6598.483407264052	7004.105680134727	7721.168226597241	6192.772383947343	6600.2452777045455	6044.157406652887	6512.92725778221	7114.990669477104	7043.291694537258	6514.97866318148	5617.897708867304	7057.479456661831	7022.816830341373	7188.762150932761	5744.9710557502885	7233.620464493364	7100.2205691821855	7779.437845672792	7062.428392589602	6179.7692085120125	7215.410654058689	5675.42200115819	7622.866936784743	6765.217874823171	7900.675796376285	7115.55450250073	6796.096560997317	6892.428778523932	7922.752252152095	6327.70600108673	6726.877016471196	5859.894084185175	5217.014274765625	6823.025741792171	7934.520786160178	7632.353340126162	8556.191602567194	5817.214653954393	6327.66295746238	6028.461299296492	7150.9008870203115	6441.844831681763	7548.878856824604	5902.14527137003	5378.925627913097	6393.23625646485	6762.865724712908	6521.397403492647	5541.231203107136	6648.417658280353	6966.586450716175
6000	6300	6833.982283969193	4592.689026166342	6227.9506067662805	4589.869360249609	4783.041067625934	5387.207555482634	4419.874517739834	6532.812773724944	6586.593152767319	3922.186232122292	4296.138549995521	3629.7019023168837	4959.036495731543	5995.123686682174	4038.656776999934	3730.131937821458	4523.861416960464	5354.327845982143	3951.276099011325	6846.119321794225	4921.974640054604	6161.127404925467	4698.963666789786	5072.630511740797	4742.604563834194	4878.2273445414	5838.799366970364	5366.75649509255	4582.045201593788	4037.516495325794	5601.509645492311	4825.838390830711	3997.455399946733	3503.122251070463	2594.480680607567	2115.754614706401	3399.195885143777	4385.043857981384	4949.333618726759	5530.591639527415	2890.2364345046412	8172.229425697698	7204.187916616375	6105.617970074063	6415.714043871455	5900.686479359955	7942.541860356598	6819.414222478402	7557.142847836256	7218.01311691217	7352.5438805206695	7064.757385562759	7379.657810431543	6881.4145821321135	7422.740084303991	6123.707626512752	6148.242082181536	7199.003513289171	5569.756477688659	5999.055274017747	7611.7109494423985	5845.501892179436	7394.768627016868	6104.95708098872	6721.989793902534	6260.160989027369	7148.951831054687	6446.257005531703	5604.426770000361	6908.408288570184	6998.102900607189	9045.474791134106	6302.808969987246	7199.46792587569	7466.12381450442	7881.451399795756	5896.566581530448	5868.935108598456	6082.663457582055	6918.776929993902	7272.841352372137	6327.090752509809	7737.906141638628	7312.013912638727	6711.21373514694	7054.997302011077	7690.952373311628	6278.2054664272355	7003.548939564529	6171.798086065995	5586.263471767578	7379.0066703622415	7753.291904715178	7284.388551121489	7383.104145869503	5615.375798571081	5935.116824813601	5883.916229295061	7140.332085339133	6587.97108844853	6972.470064314286	5592.1580692196385	5242.035977673703	6497.67517642386	5921.960241062634	7511.069337886522	5230.072381145198	7465.601462539362	6514.378233265599
6300	6600	6752.208445666014	4685.92260052342	4960.63454794717	4635.028990720377	4853.007330531398	4072.894370580459	4475.420204077478	6139.5102115129475	4120.190704007436	4061.702850098629	4283.378289664519	3451.277267234913	5169.696474894837	5140.6166751009205	4136.52495541437	4700.023282484034	4057.532002833492	6857.080426897322	3498.0805535368218	6472.479571840172	4488.522200594285	6217.971994451179	4481.251786413011	4928.372433764557	4681.991155200587	3552.3232083174635	5418.935803231841	4801.613443637113	5436.032762083776	3328.9212893133295	3144.67769562252	3972.862836103086	4323.533685857599	5418.797271225479	2645.755020015496	2163.919648780255	3362.0133766751137	5154.042257861825	4527.897339686918	5383.307924702137	2852.8697469557997	7276.032265649817	6658.863101059132	6324.470799487365	6279.533071412158	5887.772531706448	7437.404419380134	7103.567999053915	7365.051748947856	7356.281354128861	7044.342342704608	6964.559960922793	6899.341462709478	7074.3908232978365	7354.897186117213	6528.112406621964	5801.414305309352	7049.338659041617	5662.234682245927	7171.195567340885	7623.9655186312275	5442.155784475344	7257.979240001683	5623.811605346781	6313.205336395294	6807.974621864042	6803.824445211201	6045.63009358854	5724.200838765851	6706.613076014118	6475.581577265147	5962.527163449456	7123.186234629668	6952.661044531797	6839.824206155965	7482.171060214894	6432.638889997434	5345.503795999572	6370.108807521913	5772.310165255909	7057.57583474467	6302.942564226085	6890.801876023823	6307.432503559434	6267.600476378204	7084.760281432361	7425.356572157953	6093.117114735463	6498.000553191842	4740.7002397413025	5482.706255957031	7478.15447320921	6987.682270327981	6734.72674435871	7746.68415647907	5328.0809755457385	7105.4956945296735	5445.606898305403	6694.669482927794	7041.118965995056	6526.662564146525	5984.710647951984	5423.134601340793	5773.458507208472	6160.714109614244	7395.115238273043	5200.921339999563	8224.603662919026	6803.6384916786055
6600	6900	6405.120359354602	4212.410436050606	5915.9993000163895	4275.302957756475	4600.173848602867	4099.368386710449	4275.468346623204	5338.44880904918	5640.105748541039	5454.214735297093	4606.201577143349	3741.1941166624783	4440.425388212582	5300.117496420612	4502.818478369898	4434.813429334048	4593.240102804942	4635.606654575893	4047.75595447629	6364.351230999967	4196.671903516558	5528.809658708244	4627.791193688395	4970.342963796125	4444.258680290476	3711.1915101997643	6047.480882310258	4862.476124726742	4278.9569400291075	4532.349383314995	3781.1063262366974	4512.797333328812	3562.6937644264913	4496.145380544139	2000.3508853124192	2123.7732239037737	3306.096363130309	4425.353265399264	3905.0313776034905	5303.763401556023	2831.269188050788	7608.327117726037	6265.532459216171	5652.245235445473	6282.2615182674635	5475.659103776172	6860.757313439763	6396.714583443611	7123.534461618876	6754.218316471954	6551.653818352466	6525.001824112857	6790.126699425596	6716.686276978167	7238.484047786974	6239.851450942169	5776.8399436694135	6518.389523057641	5851.081040173735	6705.2517229602245	6771.4384407353045	5659.803311344812	6724.112187490717	5790.826257515191	6439.8433708791745	6757.250050197891	6777.544672473688	6203.925559704849	5278.539886668798	5950.216968042755	6670.451683182025	6269.872846939985	6454.793223468381	8143.969895596093	7409.23633320853	7321.620998958558	6859.412765763764	5153.405929468102	6933.648819676841	4729.128840372281	7014.122796960247	5586.775775551263	6739.465104684375	6958.832539610105	6512.745563563085	6841.123865385092	6896.904872952478	6700.2772521683755	6586.110970790826	6182.711668152346	5663.132913657227	6760.564953947935	7227.425255976265	6823.3245076898975	7787.31139091837	5463.127433773948	6720.761472487072	5528.98368488653	5809.569580112682	7225.082185686579	6718.38283056477	6148.6930766263695	4973.755717233295	5818.487232447128	6841.109176091847	8305.5240657005	4627.387720669382	7411.131619044712	6772.304310668631
6900	7200	6380.707574882147	4430.286758721515	4606.296655614893	4324.806139661649	4775.014578504409	4551.586395260303	3887.397361052015	5795.347966792022	5647.073566570972	3690.5331733369258	3168.097626368536	3650.828122754902	5359.1852350662975	3754.137171455355	3109.8011137890876	3876.3485140748403	4998.6492760451665	7256.403948102678	4219.174602940286	6039.0015190753475	4516.435643450537	4515.044360164482	4628.133749200009	4865.876131888695	3376.745322475598	4414.71901467934	4702.876029537709	4727.748074032845	3932.0945190192656	5788.9427717025965	4196.557538097211	4471.474350201642	5526.515175559304	3594.660201355651	3772.9122223657023	2003.7370921278855	3225.0391907567955	4374.939274045597	4254.701435958044	5157.2444078989465	2771.5315429305037	7301.0782522405925	6813.6875701218505	5784.015056727991	6065.8467786157435	5277.815070210632	7240.819381193226	6685.940056609246	7292.427548877862	6528.905076619287	6985.0422064798395	6214.086455254612	7041.4915149184335	6574.788890408394	6973.275645212368	5370.322184401694	4906.399114729526	6413.299134791445	6070.585417302118	5721.803826051084	7891.345278219887	5450.193221805118	6103.460237858413	5372.083081773046	5981.106857466289	6914.447594308381	6711.344631083224	5800.02825988752	4962.76845327842	5939.709924620019	6653.380999573107	7530.370102097007	5521.431961266363	8799.125228058481	5973.92063639793	8120.250970137747	5678.517512068789	5553.5482844211465	6216.554448160311	6079.401822514168	6665.889793125334	6239.17921683799	6857.613731108104	6974.494820202979	6397.276216051477	6465.135421013703	7466.34651554432	6980.270558437589	6474.9718295614	4449.05889922524	4923.900159648438	6812.484660143489	6724.230599811881	7219.589069834865	6738.2005322868445	5326.461286709339	6400.824472516784	5290.98901005297	6023.274274526913	6727.7219492547	6675.4871671105	5589.463193899538	4611.1548335408315	5821.1841757132415	6062.545321650027	6135.968362247243	5273.3123797657045	7089.752452616789	6254.148172820384
