frame_start	frame_end	Left-Cerebral-White-Matter	Left-Lateral-Ventricle	Left-Inf-Lat-Vent	Left-Cerebellum-White-Matter	Left-Cerebellum-Cortex	Left-Thalamus	Left-Caudate	Left-Putamen	Left-Pallidum	3rd-Ventricle	4th-Ventricle	Brain-Stem	Left-Hippocampus	Left-Amygdala	CSF	Left-Accumbens-area	Left-VentralDC	Left-vessel	Left-choroid-plexus	Right-Cerebral-White-Matter	Right-Lateral-Ventricle	Right-Inf-Lat-Vent	Right-Cerebellum-White-Matter	Right-Cerebellum-Cortex	Right-Thalamus	Right-Caudate	Right-Putamen	Right-Pallidum	Right-Hippocampus	Right-Amygdala	Right-Accumbens-area	Right-VentralDC	Right-choroid-plexus	Optic-Chiasm	AirCavity	Skull	Vermis	Pons	CSF-ExtraCerebral	Head-ExtraCerebral	ctx-lh-bankssts	ctx-lh-caudalanteriorcingulate	ctx-lh-caudalmiddlefrontal	ctx-lh-cuneus	ctx-lh-entorhinal	ctx-lh-fusiform	ctx-lh-inferiorparietal	ctx-lh-inferiortemporal	ctx-lh-isthmuscingulate	ctx-lh-lateraloccipital	ctx-lh-lateralorbitofrontal	ctx-lh-lingual	ctx-lh-medialorbitofrontal	ctx-lh-middletemporal	ctx-lh-parahippocampal	ctx-lh-paracentral	ctx-lh-parsopercularis	ctx-lh-parsorbitalis	ctx-lh-parstriangularis	ctx-lh-pericalcarine	ctx-lh-postcentral	ctx-lh-posteriorcingulate	ctx-lh-precentral	ctx-lh-precuneus	ctx-lh-rostralanteriorcingulate	ctx-lh-rostralmiddlefrontal	ctx-lh-superiorfrontal	ctx-lh-superiorparietal	ctx-lh-superiortemporal	ctx-lh-supramarginal	ctx-lh-frontalpole	ctx-lh-temporalpole	ctx-lh-transversetemporal	ctx-lh-insula	ctx-rh-bankssts	ctx-rh-caudalanteriorcingulate	ctx-rh-caudalmiddlefrontal	ctx-rh-cuneus	ctx-rh-entorhinal	ctx-rh-fusiform	ctx-rh-inferiorparietal	ctx-rh-inferiortemporal	ctx-rh-isthmuscingulate	ctx-rh-lateraloccipital	ctx-rh-lateralorbitofrontal	ctx-rh-lingual	ctx-rh-medialorbitofrontal	ctx-rh-middletemporal	ctx-rh-parahippocampal	ctx-rh-paracentral	ctx-rh-parsopercularis	ctx-rh-parsorbitalis	ctx-rh-parstriangularis	ctx-rh-pericalcarine	ctx-rh-postcentral	ctx-rh-posteriorcingulate	ctx-rh-precentral	ctx-rh-precuneus	ctx-rh-rostralanteriorcingulate	ctx-rh-rostralmiddlefrontal	ctx-rh-superiorfrontal	ctx-rh-superiorparietal	ctx-rh-superiortemporal	ctx-rh-supramarginal	ctx-rh-frontalpole	ctx-rh-temporalpole	ctx-rh-transversetemporal	ctx-rh-insula
0	30	43.93717734650323	44.81602620161203	124.12086548124041	47.046789305822095	36.53942294372078	113.69831175098231	43.143214083721205	83.40796908366377	85.29055497658132	53.711011799117486	60.370355972926305	56.2548300130631	64.22389761377543	133.2336428743525	73.27476650727132	313.02588293433394	82.20322497185477	48.55407880147298	20.347477629037854	54.35063383660958	77.74283453843063	17.478596501123338	45.981211682409466	44.160202892875496	57.980096167307	86.32988648307396	110.7046547631064	170.4850522142682	48.21623458397578	42.041221860761105	479.5469766250389	41.135187457782436	25.28048198345641	496.16822633543217	23.047444834979725	21.551043537962446	39.4959927149596	84.47548868904597	50.35427320846674	13.964177191421859	65.13644871700173	50.0218772696236	39.261445142958785	31.461787652955657	225.71736656290335	41.430831551371966	34.33646940271563	31.79278088981061	24.551831556165222	32.297787526786706	42.276134961718604	29.244105990147613	118.2424229759947	25.703115013673248	41.10721561326779	79.63843902479321	52.03840145606356	10.327457571784178	35.975939186647174	8.727790902719013	44.13298687810925	20.218067635509364	66.57376808150255	58.734597886034	82.83338345636484	34.526877852376096	44.59391070138989	34.721935211078716	26.545334592076067	47.18922612822753	15.058387410344722	12.676092324541036	19.72917829584276	87.64368986194206	63.15772106306283	60.524391466370815	51.417467739352126	56.31064447548828	227.43061239841037	28.862414441901947	27.303372554780704	38.95269196162698	23.3356107345127	30.059559868987453	34.80989301119705	28.89680189332347	88.10958586133549	50.90172966014972	37.7886751146378	37.87572261755797	84.14128200513242	44.20447140540262	43.0848220919119	67.85923563487421	42.87165966344328	40.5347719539789	57.0456213501763	51.43372575347571	47.05147307855333	53.975999245024596	51.13208383562395	39.84222121195674	70.13744400324143	65.11374795134807	13.705873529578911	19.53896938208227	32.355745053056545	79.87493651163297
30	60	3451.2873631514044	3729.1885573644854	3584.7225167410716	3991.9850797430204	2819.0206701584425	4340.866508707585	3995.9955713128234	4021.7849510373985	4851.694122876471	3525.320815079696	3607.6518913951345	2750.3171779835543	3344.619676243459	4282.53679052115	4209.132627740675	7280.2809814873335	3785.8966768336522	2173.941438802083	3802.036922856381	3608.8191390938787	4496.59602415881	3181.3116513206846	4147.482298635625	2974.2279295088124	4070.9240644877473	4044.1183222490554	4522.795221167609	4416.488320820367	3164.895739238517	4592.285135798429	4981.545435399741	3439.5625900094556	4463.568505525589	3704.018301156851	410.59265016575273	1107.4326999769667	4277.842578962053	2812.308409565347	3496.5753210309535	427.0965653523131	4126.999333677072	2546.6331811594114	3983.9657267631146	4820.220898341185	5134.979699385377	3289.5346905830365	3928.8160555910126	1818.4330591934602	3625.671829390992	2650.733690802672	2182.5708064401656	3708.698622898071	2985.0108789222277	1452.8487953702472	2163.627701040859	3705.6622813654403	4224.529492369735	1118.1621930002304	2668.3182754476147	4310.746250589095	3840.2178996153184	2792.3200214859016	3379.128735850833	4147.230668865381	4551.539080279379	3436.025707111802	3694.323090498609	3447.12522736101	2897.7999490501365	4387.422182810354	720.7277761809528	1756.4256356350063	2276.7376762367894	3613.0619864522814	3756.114887472424	2464.2593287363775	3339.463791363612	5589.445001264567	5731.885258177074	3438.686502797001	3999.6496579471677	2418.2163842433984	3734.6039206996593	3706.8025571611906	2140.364603493583	4160.421130227803	2152.5186692174952	2169.62280774828	2312.8226520507633	4728.755922409748	4455.700392791546	1873.9229085421962	3694.0751920587877	4610.081553597706	3866.1091020021768	2947.116641304824	3776.4363576714145	4661.233987438126	4645.687949225756	3619.6936036757584	4122.770281589884	3417.143669159196	3669.9130483631243	4738.877030239782	1591.7497393240021	1557.6089301051259	3102.6527121763697	3858.573599227542
60	90	10963.962845724955	12774.17791668308	10727.473043774802	12555.958396217284	8579.690994555385	12222.828321301866	12828.278740743908	12585.60982053853	14210.15257867353	10364.518924312992	11763.815923327935	8438.650964492603	9021.376336317797	11540.130446710244	14071.108901209678	14939.417397267642	10092.11285196142	9011.981022135416	14072.486240587736	11254.350399445615	13330.954005303154	13614.265652901786	13106.489562458419	9305.86964702075	12979.117692002816	12597.856379940806	12892.70214129837	12327.071412043784	9191.816391929535	11781.5860423143	12902.45368468427	11694.978521011344	12357.161603927612	6322.485990084135	1466.7018656748448	3523.5357895834127	12117.284849981399	7588.963827018515	11182.776205774462	1362.6511615086297	14581.448583169375	8233.357904300106	12979.38022096793	16139.447485579865	8751.621892974632	11677.39559961679	12475.096957994996	6079.022770083618	10855.933355081292	8906.474194638331	6402.048140211814	12066.521923367261	7796.5256906751065	5139.217633686264	6213.0123682512085	11312.777514336436	12465.871618913457	3178.0572415842735	8656.46497975225	13233.927385290344	11545.691020573056	7669.4589856470075	10903.902011801169	13623.578788880912	14205.518656986553	11323.895492435426	12104.741725584927	10552.24923152292	9651.231907074833	13233.63470106984	2328.830057412386	5369.885504522618	8152.940711374533	10863.010326990185	12746.609194097498	7374.196619507178	11013.475503014539	17882.603374222286	9658.596237027166	11934.7513999277	12728.206832413822	7045.977611385736	10249.372005454683	11640.713517943792	6127.172609233646	13598.803275946868	7014.5123171308205	7480.634418163979	7523.573081227925	14120.10994320144	13043.858624987066	6028.762651409001	12371.677873215809	15529.58865027002	12264.19312614447	8771.871066927555	11225.720337731793	14482.23218073825	14948.645864857948	11313.048572825828	12700.466688385603	11142.45006191584	11995.561150324025	14004.422211829384	4418.602708053288	4727.402943778407	10721.002413491804	11288.253000628692
90	120	18296.345203355948	21751.025404054693	21917.03156001984	21206.080275514585	14894.368861567376	20651.033974015754	21580.95940889852	20048.402203568367	21089.59705601476	15831.782846304086	21590.240255414763	14349.489548982565	14302.052472103636	18689.467183474004	23862.160789440524	22997.96093245751	16690.872408942814	13051.113802083333	21540.545893618935	18908.120607686564	23452.53290190182	20661.379389880953	22281.028458228237	15419.577229867491	20641.92271731088	20450.510598240322	20696.961751360843	18309.2534726271	15380.389882854819	17497.897473464087	19630.25167184038	16868.97407788195	23316.144065856934	9013.424524694055	2631.9157483820086	5916.744420376993	20597.45057207961	11466.179027832637	18651.797743230803	2319.953197613485	23382.236220736682	12974.748263350393	21410.565716832916	28258.631129342306	10930.18887167482	19151.11971971094	21805.350551386156	10091.791221787882	18218.8313550608	15203.987578225637	10535.592038841303	20339.268863817728	13028.187372203247	8734.002235155205	10297.833154970276	19134.594471033844	20458.138360824178	6106.284665731088	14277.231149813024	22946.397123999144	20219.312722352985	12929.787026779319	18562.75406242392	22618.511814501253	24408.303442107393	19752.29100288963	20580.591890623797	18563.4245480569	16524.25361314618	22644.391065348336	4420.711105585098	9129.983322870165	15002.85894401706	17799.594360711228	21739.86445115529	11568.724199601716	18943.213666726064	29964.1879998482	12125.90539806049	19125.06809498904	21679.910448211984	11510.39355922335	16813.92617574863	18768.878206506448	9517.916509233934	23016.23376553548	11497.090313453158	12369.26542462659	12616.83214992699	23546.819753249114	21006.858562448262	9951.691796890485	20060.481957214168	24420.64602711295	20155.67065088747	13810.340656639208	19028.231462265	24899.99938340644	23864.32119635678	19178.8749054208	20932.235383303938	18692.08438323651	19862.301921841867	23425.482947210177	8167.516322303778	9330.00637778219	17847.992705024953	18680.385099599964
120	150	25639.191848203678	30209.212585547142	30645.67547123016	29113.78812679681	20297.546718372923	27872.60529054771	29879.448717136387	28095.533229386416	26719.77589014661	23362.142076185533	28560.714093861152	19474.417308105425	19409.854146155125	23493.770495940968	34250.71886970766	30454.644699333046	22811.614217019098	21690.508723958334	30305.162604081004	26385.959540197633	33052.33197105616	30795.338448660714	30400.82041951548	21063.135271564908	29938.926640266673	29969.291494844827	27944.07855881233	26184.057875448198	20992.695294060984	24114.40510292253	23812.40101666359	21312.668543575895	32691.418342590332	10632.52214338396	3293.2801499830475	8139.106634451891	28734.96063504464	16115.982939556727	25922.478008574697	3169.3985087888655	33316.026132035855	18193.44973328293	30004.386679729203	40534.532499098204	14065.170225212754	26709.365626370312	31403.6506023417	13883.697055604016	26228.29446269969	21065.051575002166	13960.232214081245	28395.92795562866	16639.02104277446	11707.544869102821	14924.25435610782	27556.608994671027	28445.94257701527	8440.914121032509	20826.504665856144	33643.769409787004	27748.836213143408	18184.994468972516	26256.361103197924	33558.553015780075	32322.145399021392	27247.76782449333	28250.789047486636	25810.64173369755	23060.960208680015	31177.799953831436	5395.916708111763	12427.551133081728	20662.772819674745	24916.912283668677	29876.40588352989	16267.995537902661	26368.517238719392	41997.44233004641	13526.125455489171	26841.1192986421	30259.701818167236	14964.906957975414	25412.707429826136	26101.480709965886	13215.997054751002	32135.9115310251	15742.21871796967	17307.877544622188	16834.41456131841	32186.592190191514	29653.808038855546	13275.817975393598	27984.726435327677	34884.63159342376	28872.356730720556	18754.02779256279	26360.180803727188	34618.33110131646	35085.316288091075	27281.56703853724	29495.126347759124	25833.64492878304	28919.502331802338	32860.15861594999	11788.773240376197	12283.039220440267	24125.8253193767	25938.771765199206
150	180	28208.83867771966	32536.197683288447	36685.9986359127	31785.67153144892	22105.605025399793	30934.736887989795	33716.62754740513	29876.448441230932	27762.47325468678	23973.409982107736	34084.82405043191	21393.08222887145	20904.643167998318	25161.11943225175	36649.61794732863	23156.171565727196	23351.733751153934	22968.509895833333	33237.16143156353	28919.15866697691	34349.16384610696	35423.34358258929	32799.71122816763	22860.039170672087	31575.05387291105	32487.160288287876	30841.4695053376	27278.121666296203	22435.754336141035	25745.20224328166	25666.266461641433	24955.967384894415	35238.22386550903	9963.640013794799	3657.845705433079	8851.40714116142	31770.761739955356	15979.439403564196	28426.152092742315	3438.8704575510524	37242.51970240013	20403.889649649114	32290.05168304746	42783.039407521646	11793.766968914282	30511.081813138684	34088.510593729494	15007.19365719233	28040.36573965412	23424.851852333533	15190.728901842942	31920.978648963042	17759.936218172243	13245.265372833992	15715.884790910522	30515.95178152456	30952.325345126064	9438.290795627563	23240.543816640293	35267.15767160292	30651.000704062226	19185.26462299735	28692.93426870734	35434.42097324491	34881.945047899564	30419.939819927364	31013.680167938368	29032.989311248577	26744.035712584464	35065.00414352444	6128.457700252533	13667.736033198229	21835.908329110105	27806.720557820325	32423.711639339504	17700.404785429797	28810.27648867928	44428.40995948188	11576.179305383923	29803.528208413365	33619.93460384291	15777.621818617035	27324.87183534626	27592.814128854054	13246.725381010057	34834.425450452414	16938.596967747933	19080.924184947922	19955.18745660119	35766.009207262825	31185.672369360513	15564.047003922975	30223.464524024042	38207.90672201244	31291.457009757116	20207.077012150487	29493.27369474188	37809.05816725487	37044.195339587815	29908.797571236923	32251.66772943714	29372.031344367144	31479.832229875716	35244.93371650799	12706.359701323716	14200.459646985028	26061.28314463759	28159.63086672642
180	240	28044.214695092494	33513.17157059363	35750.30239335317	31564.623164476587	22316.097659571642	29668.33799386826	34400.19551578552	31017.16431605851	26732.363173792157	23622.88294652125	31289.218513798907	21356.97730863525	20681.067633296385	22957.63270204314	37427.555810231854	23859.71213257046	22529.80924306377	22575.9734375	34325.04384251645	28691.219321468492	35585.76919040556	35845.70379464285	33433.485149171705	23065.6877085157	32848.63334551161	32512.513715110934	30146.729907843524	26625.057967000932	22867.48904934079	26329.02120802315	23994.954789627955	23501.5415726578	36746.70023345947	8689.783452387457	3769.9950142217135	8709.707086496812	32965.21127511161	16798.237103737574	28121.20252544838	3390.0064041771457	37165.72227463795	20075.807996019437	32436.70414028543	43093.890340763806	10996.570650570118	30218.556868037227	34528.594977905595	14011.437357102957	25696.611635483725	23604.406363129136	15130.866919896172	30608.866409108916	18121.77521972656	14057.445664785313	16340.622217998432	30579.98076171875	30451.754194562236	9656.530424656296	23545.23583725477	36564.11131840796	30947.893515684053	18212.114342952198	28453.80828083861	34817.99285001622	35070.298746285756	29847.67240734248	31167.889349880832	29053.221184211376	26516.93644352056	34548.244556072554	6556.879274606705	13257.375529073335	23204.137108093797	27570.678877246613	32005.547065751063	17526.191038055847	28449.256177760602	43723.556938766385	10751.92317535973	29705.14518535865	34005.02535427906	14987.94031919244	26180.411935061653	27535.123730663734	13367.363562720282	34077.96753243563	17077.44077300713	19466.02686577076	20018.331045980947	34792.94506670892	31592.048142720407	15745.03061219907	29958.039200443232	37283.339276727704	31080.082473763407	19512.430270344463	29150.76023276838	37172.03828656328	37208.64159549109	30157.95985680212	31880.04626040722	29147.880114973996	31535.091293031666	35412.52345022886	12873.710584488457	15052.84358306212	26998.06419879339	27611.400396800193
240	300	27002.467788529553	32035.229826363025	35114.97445436508	30225.600258630286	21605.4819042136	29771.340166807116	32416.4278890832	30091.769117406286	25295.953880801826	21707.534072982682	31103.084895436357	20369.071013880744	20720.54600991906	22346.575110147165	34623.048022303425	23758.085629908026	21489.892604719593	27570.330859375	32501.941001490544	27435.967990784262	33562.35916648041	28430.220610119046	31579.946448896055	22141.875597090853	31634.73149536935	31818.907461123905	29870.826745473263	25298.113736280753	22875.97920013566	23912.001509709382	24114.27378802391	21488.781880989132	35225.82303619385	8704.26250751202	3618.1281187515265	8221.946926764173	30905.821455729165	16291.123500622356	26776.340765808673	3299.578833067084	34748.09111131566	19945.701396427834	31431.679800094364	39487.2559284364	10314.277627439886	28868.61523204481	32912.4760580196	13005.946662232049	25429.70762640826	22653.208039687222	14969.62793449048	29328.26928484411	17391.14625651894	13992.133364561932	16919.299070417073	29309.483455221645	29285.229670614695	9504.913695288004	23556.505354135945	35301.585362251244	29523.596285652675	17723.506702631123	27570.704507177943	33327.85499684505	33740.627856307605	28761.04199670205	29853.264954277613	28280.10772753583	26218.6178309777	32750.15002584814	7125.047634720802	13496.366398785049	23206.909792530292	26829.974850818136	32099.4279427498	17017.59324667367	28234.882239174505	40728.9786123195	10084.062016365931	28211.388702825137	32688.668697460493	14649.34223414267	25401.38538591548	25634.939392267952	13622.508074991532	32128.6400698496	17351.40622782131	19607.444189006575	18892.59313027215	32862.78965387131	29511.380164010763	16100.35379251903	29205.842979596495	35346.08062085254	30078.723426720826	19692.300915281674	27719.427369087305	35675.46300989813	36055.824348117676	28841.81401900509	30959.21422471297	27991.956369030864	30475.713325526634	33752.35216571855	12782.71561027834	14893.470998841236	25701.376735126476	26353.47191655022
300	360	25544.82814684168	30418.498653897117	30378.23384796627	28909.0334648576	21009.431333541615	29308.271432695172	30307.461967391948	28240.768969074554	24962.381211423082	21993.59867378715	28657.855819677337	19500.70411266077	21374.020235601696	22162.542139549336	34241.10181577621	22465.948295974074	20957.009297289696	29108.638411458334	31098.206587942022	25967.656900272716	31952.768329913037	30945.26560639881	30139.83484840472	21759.07614217939	31050.951384329095	29961.972974694294	28986.790642627482	24951.372503024428	22357.85064599025	22991.126114099312	22364.338802275666	21300.208492583548	33710.17573928833	11141.095610932036	3437.841280756904	7679.215621962275	28566.973110863095	16156.44986777719	25034.08485440464	3225.9682420313443	31855.52046945953	19579.88283511683	28212.32394873203	35759.20820985991	10686.014286536418	27585.57793752542	30543.528875184547	12978.7205217662	23595.445851774857	21561.83406862916	14937.958642162732	27196.614459538036	17683.31824579209	14516.035230009613	16986.84483259004	27500.118248926716	26791.591575364164	9936.54233254756	23110.52861066638	32348.74565162469	27474.683632991564	18091.44737179522	26240.362298981552	31210.225076155388	31438.354551796372	27563.707678329112	27932.159402881498	26381.86100314311	25352.612015005474	30519.399756285253	7727.603050231934	13204.228051411079	23196.120829679527	25504.0212640442	30749.97252355361	17083.501353510153	26114.65993544351	36352.707990916955	11406.235919107636	27010.04071435437	30497.548324400992	14210.445889156681	23502.52838096539	24285.842336920363	13233.95560639078	29701.088444001318	17180.86731813424	19265.2579325987	18660.16598374563	29601.01557751763	28178.940485823674	15659.080205034763	28087.455717010027	32841.57939787178	28302.37205536567	19122.39140889197	26727.915573734514	32450.180627795533	33429.80343725714	27427.356663367456	29230.312460971792	26329.372397665706	28774.11219792827	31131.507555225995	14276.770754072735	15094.562305667598	24866.665106411638	25752.730961148045
360	480	23289.6786749633	27728.19986673268	27819.665085565477	26327.95271404354	19983.41331751437	28336.39125412042	28297.998908330377	27984.925064584975	23355.64066681414	19828.232147003386	26969.095729325458	18538.380902152232	20764.192820847133	22070.00610893524	30501.773523185482	19812.382851159102	19342.572748835246	25024.04453125	29311.77388723273	23604.896011753517	28490.37500533363	30845.707421875	27293.175385602237	20363.282217659613	29669.905034835207	27637.798210912646	26597.013891160874	23368.426155431946	22016.82798801726	22256.26759308021	21551.93444625877	19783.547984102897	30681.12882232666	15274.359368170892	3181.065157725593	6885.535199585265	26153.204410900296	16251.477515658788	22391.125885151152	3116.0723399950894	27033.934210273994	18815.60396553841	25510.83454183625	30492.63170637602	10650.179020993559	25090.63517379264	27475.43647894111	12553.614243979455	22114.826759116448	20219.331382046887	14119.569444393963	24635.63125399936	16938.619116313195	14831.383118982547	15885.148852895569	24935.955397301816	24224.50267053288	10010.547539467634	21642.58036627825	28535.85984384717	24872.081438245208	16544.50506632077	23865.779264963956	27485.280175402477	28668.865593995517	25335.827175761377	25760.95713898473	24558.45643464145	24115.667953937227	27330.433975561948	8784.806063890457	13813.471731901369	22191.99615353954	23770.772017254712	27536.42465333068	16286.80867198442	23906.497066648462	30966.946069680347	10293.295771720006	24129.7219257524	27813.919834508233	13349.15863700551	21787.365140082693	21980.19395615278	13333.019124193494	26731.62303459291	16435.384274768323	18795.09308074811	19048.68650932842	26412.308261373422	25354.094970250415	15199.684004135446	24641.72892680921	28587.801678420703	25469.75641382597	18311.222705867494	24204.84615057253	28505.042542254876	29779.976226237446	24941.033807033917	26349.975141151273	24207.63263301919	26458.27603661875	27782.93023764567	13771.507547934034	14706.601423438657	23365.74875138243	24019.03342366757
480	600	20765.782016142406	23850.307469460877	27458.09548611111	23202.636827464063	18698.70108098133	27173.567262342633	25258.59159200544	25574.75069891593	22174.260371255612	19591.27198375355	22287.886737407902	17260.190871811013	19434.237502677155	20514.247283483914	27174.523484122983	18173.922760797654	18020.103389638745	25910.475	25635.395817806846	20977.46831708568	24134.629672769017	28137.95630580357	24348.76591400235	19249.37836377571	27721.46869007705	24245.391204672174	25166.217741179207	21923.01394698869	20754.80612095712	21439.848435710486	18351.160775076165	18114.804220279962	26727.083660125732	19084.55213341346	2838.76945814987	5958.733969801397	23888.89114918155	16128.582089257607	19330.96263639548	3013.8438810567145	22985.976642561825	18592.079228782182	22284.451405106185	25433.216103407183	10619.082003742982	21689.205775276234	23718.107034428314	12281.67018533419	18910.60002896623	18769.620670243912	14074.47780809424	21062.98615049717	17095.06532477094	15207.721584755656	14751.597171005653	21959.885531586962	21410.80143370603	10911.788626744905	20329.88500445822	24376.80846402752	21742.288993589147	16854.481799100166	21619.629154282644	23635.86944330813	25687.692915554493	22557.895591814697	22730.21129747644	21551.107197378802	21833.550452847656	23333.812191717054	9855.738779783249	13609.923612946755	21217.981133552752	21630.020318628693	24375.99365649051	16125.932333792893	22041.502184152225	25733.519168645613	10832.926508239256	20980.23016954918	24429.882305533865	12814.586579558329	18831.17581692817	19539.283146523823	13190.125637743387	22284.111139117307	15952.087746601035	17756.861793060252	18297.533434540666	23155.532835961876	21599.151306524214	14732.995325477472	21858.619960158972	24450.720205950132	22190.23314161389	18134.71658100668	21442.632077563387	24223.899163390513	26420.799379221964	22596.85036541991	23319.145872782658	21372.67236635047	23100.132202232104	23995.952604842663	14094.561169558843	14892.342325886522	21284.161505005104	21440.64992689749
600	900	17861.69726781084	18449.11290633774	20175.934616815477	19715.535433128003	17139.979523644844	23938.44825126639	21429.508547231937	22754.04998561961	20927.479660792906	19089.910942451104	18640.405642625763	15619.750234977113	18084.169144301093	18904.753824697742	21218.25285345262	16935.929274015707	16204.630556241706	23140.907682291665	20048.401643451893	17980.673949879132	18323.89920554291	23091.053590029762	20360.9699877092	17281.872811494603	25201.226765148524	20255.500078187135	22727.500075445623	21311.906613933505	19184.64519737203	19481.919251319126	16115.221494328149	16538.875662944076	21031.240970611572	16177.896457058567	2541.0773691018676	5040.201305138934	19681.845405691965	16178.887805750957	15691.227088747375	3029.398945867011	18553.40819833088	17615.406356218336	18926.185938870196	19888.202714341485	11345.865921543395	17702.148389161746	19885.378848220145	12774.46942125344	16035.770586049266	16586.684303431863	14125.352136099036	17317.33440126142	16265.178551159604	14946.560561685	13383.613526975096	18050.59522233177	17542.537142231715	12619.751706864485	17751.91809496268	19569.91890838775	18010.42462248092	16466.877692585316	18611.741386976573	19202.52803183331	20702.359291980385	19215.39751156356	19296.228363436516	18683.520591402368	19063.663812483792	18902.784143270652	12574.145170927048	14328.15460567108	19134.429303138666	18624.020143831487	20426.726411661526	16090.279325870973	18969.225983003493	19986.555983258335	10799.939871174913	17902.51703344141	19874.526500370626	12694.478776995962	16354.845535947286	16875.050996255737	13444.209010816094	17794.672985778434	15698.140422216256	16463.750020107847	16200.459462744177	18518.255925647183	18015.98659832885	14959.194298538223	18466.63076347611	19835.63694868253	18463.26828008044	17078.20709021105	18454.45923215584	19492.727343287017	21109.011735096097	19516.460804534403	19508.531547561895	18333.17278422284	19374.62004418795	19396.609824717118	13903.145692122293	15230.290371652887	19246.83878388725	18690.86621373104
900	1200	15382.643113107662	13208.049136896021	16806.790147569445	16778.50054380331	14606.70222752063	20544.05981695564	17155.407732400225	19253.20764268824	18992.564298008027	17069.425461135543	14032.275902724847	14134.1351936737	15670.76475832076	16614.04532782976	15014.153567603327	14764.892248682228	14840.571458997447	18970.851822916666	15079.470533672133	15436.109776648911	13257.51664321562	15191.340699404762	17289.934154967294	14768.468413362074	21242.001955304015	16888.93700938867	19231.468251671085	19536.32821473079	16407.501386755022	16945.698139162712	14691.472896423791	15583.982341685032	15497.036787033081	8200.812639996722	2361.522833146259	4530.900825888927	15058.492839657738	15956.23883302228	12146.922810760914	3122.2019321354833	16051.395826142152	15355.587687073512	15899.194266236227	15946.980465325467	11276.81581377166	14411.390657940448	15973.536385129593	12662.364917842373	13560.766202694698	14503.99260889659	13358.353642060181	14188.691715809846	14321.285056344077	13986.73424910179	11731.88527212767	14337.716690482728	14864.515063715917	13629.532975825721	15137.836979563643	15756.392808904695	14596.08013603488	15544.2074939215	15501.101844063898	15317.773359907509	16210.913491592592	16291.61612171104	15906.645303746956	15245.920405507877	16099.503203251066	15063.263910540061	12627.148675203323	13764.910725095617	16473.51030728977	15591.638640656076	16283.871784704254	15334.204689688375	15927.839206400264	15704.07916732516	10925.962016824104	14875.155032239887	15797.67189504999	12485.971010266807	14159.216882757453	14361.451958104553	12959.143738985867	14366.784745618843	14287.484601637712	14474.142758103306	13421.490858121257	14659.141689925409	14565.193911423841	13787.564939547901	14790.315835864183	15415.039159245196	14609.302084078856	15649.297824176221	15412.139684663798	15286.329572040968	16390.58406143517	16225.895570962039	15805.286977085163	15141.218257092012	15793.753747868162	15300.478010246086	13061.12311007794	14147.900898588532	16145.199208115926	15676.27325136207
1200	1500	13889.4703727364	10261.530240982409	14078.591037326389	14974.23442406446	12322.136882025037	17173.204443301176	14347.449785309374	16170.257372575981	17451.039217616973	13631.829519845389	11148.072743981835	12943.022545450169	13335.27260408542	13441.290905684296	10898.917219947076	13144.750406760972	14121.705009722804	14883.642252604166	11677.998703806024	13843.05670271974	10684.823895176365	13173.164853050595	15243.476932529315	12472.373473968402	17797.934244307442	14128.619237452776	15741.907891823668	17734.4795186057	14182.488279839365	14180.213833442409	12509.789746237999	14294.607736219672	12209.975998878479	6599.191675999781	2373.380229262922	4409.369365207033	11869.103745163691	14855.781108481038	9889.606312046744	3201.428331450761	13467.831524511383	13456.776848602925	13378.786696901332	13449.00818891319	10766.65281225662	12429.064668191177	13475.979838931267	11825.382798330247	12198.239429886817	12779.44321256162	12137.14658367984	12039.385859434366	12634.059492801047	12810.720360673422	10645.218624562685	12034.347225844898	13051.019275903276	13122.837163502849	13314.17448818494	12888.58241215796	12223.953273775054	13697.571273459209	13163.702344729169	12935.061205213591	13532.589326352865	14095.639413365407	13408.99372655527	12884.21719133996	13671.884141687558	12960.472391119712	11879.383083820343	12932.79422636996	13761.881966193285	13054.364556766077	13687.620507501493	13096.89177827381	13215.107010056434	12884.43196787871	10165.296746188003	12813.135530905118	13210.049707466378	11297.71024787416	12009.131562489807	12454.002540809843	11630.84893188028	11778.653367189137	12471.951305997318	12475.485017145467	11472.968986282405	12318.506359209447	12499.498172469992	12043.265398900849	12465.647799654273	12808.887492277738	12051.65061619119	13559.7995652992	12900.663925121438	12563.807717169686	13464.713260980841	13840.652952194472	13126.985514240198	12359.077851518523	13264.576915926604	13025.110888817502	12002.19551945109	12721.74435897782	13050.527242726293	13192.380904071628
1500	1800	12691.091977484573	8556.388237312522	11193.07865203373	13307.16864563317	10498.968694612804	14207.42937096106	12048.668061416514	13759.717903205124	15227.230500672624	11750.054173609593	9001.614035108612	11299.538894729063	11699.499006055967	11907.806700240733	8909.094290889618	11203.801660324332	12870.77685699005	13310.606705729168	9278.430114746094	12597.230224922014	8840.679469583063	11089.060844494048	13922.58680573498	10503.437893327518	14443.56288350688	11519.718385471899	13818.480894806238	15662.968796915084	11987.84126607318	12481.729275145206	11646.089658390649	13228.795230712285	10266.979483604431	4983.2373610276445	2313.4539702846328	4380.387726003901	10247.987792596727	13705.27804413469	8429.833884804826	3275.439916090799	11724.904791148901	11505.300819213968	11281.554317025817	11115.099873206687	9658.049120181075	10980.943378757966	11582.827839669455	11147.326529008878	10411.461372924863	11246.917307760788	10973.043658756376	10598.629382892486	10812.523356920812	11549.913779816414	9456.02994254707	9926.997391205321	11132.033627868761	11799.041534526878	11776.869747999237	11167.509377915112	10443.602622188895	11755.472327563282	11160.426314544842	10689.792452673593	11597.453467701827	12216.552418987265	11156.44251085911	10603.815933530694	11791.879621585407	10932.564998725846	10628.153910160065	11567.721527125104	11619.231362745992	11328.521027528473	11740.019352420879	11790.94817380077	11168.549939196257	10650.21207963884	9089.84891007247	11016.471688257809	11021.389520032244	10121.878109589894	10616.229908093032	10842.4545714329	10441.798866871786	10440.963246396163	11149.969339398076	10903.119453785164	10114.812485265837	10654.022229238779	10712.110623835886	10855.351283902484	10496.039818353329	11471.030322027016	10030.281333189465	11983.677499014095	10981.651482302716	10757.608404004313	11913.910661577893	11782.455837577796	11123.62478266025	10386.282127797665	11170.166090548897	10597.774131384711	10768.539259045729	11275.616854668606	10757.972684164446	11378.287874951775
1800	2100	11533.844154927814	7700.5892314679195	10301.097594246032	12238.04306128677	8968.058424753319	12303.615078986331	10386.27286592449	11711.389066520713	13328.195177166062	10223.006840205693	7827.919655503684	10023.019673847855	10025.327870470412	10619.449393984127	7885.99154328377	10079.262868438038	11339.10033734566	11009.025716145834	8549.471121938604	11389.17323086127	7929.529311351999	10003.2849609375	12528.043549950695	9071.124892527838	11909.366807806398	9828.01383782849	11800.628326658394	13805.453790920883	10226.519359757081	10212.053364027732	9077.117379350535	11812.105320232129	8688.610288619995	4498.48310990767	2232.559580010853	4339.677766684019	8638.8064296875	12494.038175095613	7440.992164339581	3301.425024820055	10143.198123772705	10001.851904983458	10110.232709616155	9697.889707510685	8243.596622138257	9422.436509297468	10084.695895105397	9859.568858066108	9227.12662550854	9918.286013248427	9348.250475754561	9336.625531086902	9302.537783254254	10105.710078783926	8220.139585322726	8679.478977230181	9773.602277079155	10695.950427087102	10075.428094242941	9567.586906288869	8873.555393871953	10204.017282340874	9774.172992203561	9410.193775689631	9659.159652230433	10673.24934757834	9706.649341529292	9243.383279136	10060.694674154996	9462.29785112793	8842.605807304382	10004.702960811861	9806.30468785589	9612.906656061823	10374.958826538863	10320.724208628764	9913.268970362948	9198.700484356285	8955.975974991621	9724.318858684459	9499.85814892177	8909.637154515538	9437.503694984262	9611.474282629277	9014.327314761664	8791.183674675316	9632.968144599261	9532.573521268778	8511.904524763397	9141.293934774969	9289.964509649213	9521.278265955787	9095.25117280092	9455.20534254741	8549.298194139446	10437.708023922076	9346.765426599472	9171.175076276377	9731.878548971037	10225.273446886196	9468.09104895464	9101.048249736872	9531.872788050798	9150.91014508528	9665.629639635334	9924.913043680846	9486.824635694335	9671.575658819467
2100	2400	10538.249541376901	6991.61215729662	9398.20601593502	10950.138885874601	7600.721005890252	9855.713487270932	8963.981655198195	10283.946574949723	11931.031535055536	8480.806212952088	6458.900969019944	8682.274750773731	9006.852230889903	8983.736831116626	6536.624684192288	8782.365273874517	10558.62625197431	10907.030729166667	7208.853979010331	10397.737065622958	7226.507776307501	10217.091280691964	11125.210452953022	7633.454917257803	10209.257299644287	8321.75372152642	10286.909443482768	12193.583014189308	9121.676959936352	9233.309080880848	8565.932882604782	10273.091879425276	7583.939920425415	4152.0376966783215	2191.5025980404416	4282.447530226639	7246.517791015625	11365.9869633153	6675.444459265004	3280.106722062574	8838.49912075816	8723.524160834755	8714.122847228511	8442.350703085047	7577.792775947357	8247.424077270243	8658.8942259781	8590.735440004202	7928.525248588013	9039.344750250817	8296.875365935091	8321.861052075417	8203.585432857493	8925.846633224752	7263.641742184331	7760.647224908896	8699.850250951322	9683.421971808295	9024.041167727457	8624.662306630908	7768.450389305835	9022.948631930574	8385.670585138667	8181.510678687543	8611.427323998414	9404.958335541323	8471.51962043723	7867.979711954483	8825.054579758456	8395.822637007304	7782.004482269287	8501.084465721595	8096.892116891399	8406.4999779885	8748.18379227624	8734.500623686974	8357.620267702318	7873.444074706382	7312.65109477107	8272.226780800334	8249.208361417539	7983.3759374481615	8354.931860300594	8594.196124939705	8062.587156158156	7650.999830302478	8540.429606286487	8288.664542006916	7870.958095770991	7926.099416017656	8063.40807177411	8546.540322693045	8106.087667506546	8405.183619780099	7609.775334410741	9308.84678681618	8155.943857592103	7951.536505403227	8555.31395830531	8923.334659186188	8212.28767230616	7779.139152643526	8424.86946592272	8093.035893930621	8460.27738036146	8780.715677154029	8145.2791993959845	8377.605871313704
2400	2700	9683.04561358399	6563.933364661822	8311.425750248016	9824.836646970758	6577.58473102847	8803.208029811345	7794.581589434011	9061.477858817896	11194.546967395761	7449.971742856753	5917.831323242188	7715.884640673816	7812.412755188887	7119.765365890922	5803.391608335433	6975.136915407164	9179.645338553686	9958.458984375	6745.770458422209	9508.67546612011	6435.244620588325	7801.350925409226	9970.263539325177	6502.621601165548	8771.442825092294	7692.610611495891	8868.622903827983	10701.7673679181	8212.046996516134	8153.951708600908	6411.578023304792	9135.372836262859	6449.606526851654	5302.348982804305	2197.999785235471	4244.731902166124	5953.775264229911	9889.044726758502	6089.502236090358	3266.575567547674	8075.663456283367	7666.906869943523	7975.374446187639	7402.676938456586	7341.529218537043	7460.314154833878	7775.697546444389	7871.483386231872	7054.032355094331	7914.011318525812	7300.997145310371	7136.044634108543	7023.848041506462	7998.067295272457	6655.338415877248	6771.17036717814	7717.223363104564	8158.609937477388	8350.836259309965	7459.258279646689	7014.428410291881	7947.562703351587	7450.618450557464	7138.955352734464	7364.635302891758	8485.481851582686	7409.313752451197	7098.038461808969	7811.997827835048	7509.573177523696	7037.255436897278	7663.423280695228	7271.789422304915	7467.19213388833	7734.3153462339105	7850.756600960697	7588.810739285196	6970.098958116724	6606.799362092619	7453.739968307319	7187.096384739347	6937.893932223335	7436.505266862523	7521.283415243494	7077.01995703412	6996.953156182858	7230.570642354888	7371.01628255278	7067.859244357083	6989.383808741021	6919.604792917012	7689.223381625634	7039.091284831611	7393.3844736540705	6637.261025004408	7432.5253817647335	7050.682789332755	7002.884565192134	7480.53832388996	7771.7291158109465	7086.1404500724075	6687.4747060097025	7000.616749147098	7009.906886038511	7348.183764860399	7689.5578916950735	6414.458329936338	7167.848356141846
2700	3000	8747.8764269515	5881.454711606299	6895.415759858631	8711.583294077327	5749.645761688808	7195.504644113388	6758.189916061562	7705.037324899736	8942.069017160882	6471.562832919034	5052.901598624873	6711.775633086002	6835.653645566949	6322.5919955941135	5105.460621849798	6472.278479150979	8051.1056782951155	7960.41953125	5940.7409908897	8623.880029762899	6077.010483125407	7163.924060639881	9149.707846414587	5704.821125018884	7745.377775552356	7052.4254185989075	7721.44104761888	8882.972578361852	7223.938159270371	6449.34758339128	6165.641607332441	8664.487106663672	6016.866874217987	4337.2189736533	2052.799121723422	4194.099361289294	5254.425527436756	8601.419035917303	5560.050240620438	3260.735688749175	7038.830244241301	6024.89250795224	6698.451978019376	6547.086055432336	6044.04814780167	6677.843300617077	7092.355984508285	7104.991033043975	6275.064810080248	7156.815132557812	6476.741173779316	6511.859515133829	6311.961614600376	6923.922474739048	5863.407778354643	5928.247949569751	6961.735460141976	7307.474154540898	7410.337453217167	6866.491529656406	6087.851033286561	6413.092848994741	6567.132178197543	6307.227916803693	6530.554862785493	7610.268000856542	6457.961862163925	6104.274915217722	6749.858924853763	6565.909107896771	6101.574702978134	6580.440415512251	6630.888190711553	6744.693998607665	6982.012966666252	6732.163738073355	6279.094708435155	5925.615146388201	5822.588541884844	6555.067178839136	6312.405446038054	6234.320198750321	6775.377941537749	6796.493201727875	6444.567538624805	6038.775841207062	6472.965039082504	6276.505043257467	5943.453968329943	6491.477050908208	6201.840150494102	6281.1237589324655	6347.837958888003	6557.41954118482	5921.643972434993	6919.711146924488	6287.756465796185	6278.490101295072	6759.953663253602	6982.704571220606	6177.349521967603	5884.977488122567	6156.161558510752	6184.332201714254	6541.184414232069	6674.6933817083645	6208.989211066882	6253.612368240517
3000	3300	8082.833745590135	5582.402033747923	7607.219866071428	7764.254855317762	4948.827194117083	6718.12109462297	6342.955938590349	6656.08978040565	8859.66315585254	5363.683589481807	5210.228157552084	6214.35530558208	6105.038012365662	5675.065226968197	4406.043372133317	5923.980067871934	7175.280387704102	7133.713639322917	5051.022328426963	7854.425774816114	5438.939153171733	6133.422140066964	7869.167425867643	5113.330818159134	6565.579762137363	5867.671777460254	6606.636191247602	8343.827462950749	6339.592252661264	6045.187417554605	5569.1741678302715	7767.7443625545175	5097.0460777282715	3773.740203644012	2030.2857528501877	4113.122574768967	4849.312171875	8241.73189295809	5176.900029076763	3211.3634840577374	6273.180258120283	5575.4520469646595	6316.404551515497	5700.041472871425	5479.503457264489	5991.961960719309	6233.61061515748	6406.257888820251	5697.998535738368	6497.613040805836	6057.149383589544	5726.4787089924985	5710.236508610111	6701.633232433491	5676.581047953497	5488.075702391798	5964.155483307048	7018.646749478979	6830.592091177074	5576.618591490788	5615.126140541278	5697.504563708238	6043.2026572531195	5668.417683139447	5752.814996785449	6793.061274565467	5714.8589342870655	5397.107491196386	6134.532694357999	6132.452210472164	5550.5212643146515	5853.520485376854	5813.57190493036	5880.128403114584	6185.987253241731	6075.855813966212	5667.2350021289985	5580.844936262207	5773.693440013405	5911.803936417489	5698.675449913248	5656.67834400495	5509.5863834771335	6157.666599747663	6050.692873138719	5451.1618380773125	5771.068600065051	5558.292398026569	5414.015791808591	5466.372382820117	5374.941402595975	5842.484453282959	5631.930829499897	5737.697430590744	5344.478559006261	6085.489497603539	5568.719519536245	5487.220568529356	5999.411600894645	6171.639590030811	5509.628028436766	5184.959338893115	5481.768311718214	5332.861421137373	6008.533489079765	5731.184053672698	5339.567920276344	5500.125249874732
3300	3600	7469.117133395186	5284.525567952903	5832.881239149306	7290.337832256933	4483.971456169121	6087.885309950928	5448.103352666578	6041.534158361418	7386.4418651939095	5152.620872871025	4767.607615202617	5510.813417478045	5362.036898199353	5011.46077129856	3993.871520838584	5381.7045516048565	6614.480244160909	7519.6765625	5095.898017080207	7253.294744483285	5073.462920594929	5860.011188616071	7616.692951060991	4508.646023150147	5677.381371807015	5398.792435096911	6592.786762686499	7587.4218581470095	6139.9043595475005	5499.533522169502	4845.636848934292	6891.366909407246	4927.00137758255	3512.768957604895	1949.0931654394944	4087.3934529679336	4246.884628069197	7170.617294893408	4904.095560312123	3170.6346309608143	5952.772739835504	5155.901317511244	5996.633969906028	5250.276208874219	4840.28538201036	5418.26101654119	5955.9854499876965	5924.370387310681	5041.210178067813	6012.488321524011	5333.929265421977	5387.720946386859	5193.5506551660665	5837.242726758277	5410.037201274337	5034.491569348417	5594.161641003614	6381.15717792281	6058.890387137647	5415.736528538946	5056.0500963085115	5260.941716789413	5464.298356935179	4979.826999268303	5040.753284389794	6195.812241270869	5245.6744876855355	4904.447290170429	5650.8529705464425	5752.680194989181	4743.3689930438995	5566.468498924721	5309.582253325438	5306.004748657442	5960.307288945354	5292.8196336933215	5024.549281959474	4991.726182415221	5017.154030742083	5389.88512046815	5230.245975647026	5160.827550243074	5279.750746820565	5699.674534617949	5303.043607515872	5051.353533263444	5446.286312542407	5058.276767882093	5196.947007107403	5048.885601962164	4817.445718517177	5133.5904559986275	5376.328824731218	5162.270679285769	4844.430386577901	5619.52957540957	5006.09772229265	4929.162985335248	5542.426755594101	5491.373944633245	5000.501481509697	4619.822127796291	4919.258518901404	4922.110823959642	4906.9642230894215	5759.344747128475	4581.369815002552	5070.3626124914135
3600	3900	6924.194524087153	5077.133843648606	5168.03130812872	6802.791007386564	4165.58140638848	5220.746218846609	5196.897547003836	5395.33431603859	6427.444942130129	4925.153813288762	3934.026082555259	5044.69020874268	4805.261190710989	4463.812326830487	3635.5761369077622	4389.894014394632	6034.7428760013545	6153.262630208334	4494.340457514712	6710.240574694581	5100.112946977355	5291.974753534226	6627.392278727247	4204.3058170343475	5487.184975639808	4680.379592911689	5481.844052796071	6598.344986986758	5203.283466158059	4794.209303675148	3932.27194777338	5998.893404111924	4743.931364059448	3461.5676423186187	1908.4333506540238	3985.347881432453	4049.975352957589	6588.002674743367	4727.4722552474705	3134.3852259869486	5168.275975867353	5064.983740920958	5466.598777316049	5480.615725295994	4964.114589798116	4951.328747651271	5575.244276831118	5277.064808575344	5087.816109485835	5611.865577691101	5015.265058767695	4881.935562302219	4659.503656843096	5560.619577242841	4295.746255762194	4713.195833151333	5390.9863244258995	5379.962117689678	5892.203127200632	5171.489738198655	4699.551239850055	5113.365860457055	5121.267019311888	4642.45878174608	4413.163355652889	5714.92222210788	4690.202620833956	4679.9815183829	5124.514578493293	5091.067301374349	4221.012198925018	4854.964579417293	4566.133454347839	4796.141523623087	5329.393525012233	4815.262465943409	4771.239482331238	4544.703064695901	4697.450197537911	5026.401972251343	4892.404276419744	4774.709461640616	4660.316737165033	5360.904679434473	5057.926356890901	4706.7213192764375	4730.531839248051	4746.094375510792	4676.836383811208	4587.072262736701	4922.229439349649	4902.163310797752	4744.717944165871	4977.821299582998	4642.552767337121	5050.414800600501	4679.505064946366	4992.885895743382	4657.607956509109	5081.1655636779515	4602.463876995312	4401.67854549724	4258.454971825938	4682.889735206799	4758.354405283458	4898.064118365544	4124.3395742426765	4555.897041134718
3900	4200	6422.844426255246	4725.045046323487	5868.713650173611	6136.288230334805	3952.3895825754375	4863.055564922201	4951.4267609145845	5100.963907666305	6351.538187325549	4445.244868351863	3573.036826727642	4613.246196547172	4662.404555799918	4660.282734522104	3451.5861827431954	4117.483933361796	5512.594735690305	4616.72109375	4297.572912918894	6191.68750997055	4638.124411205197	3401.9563895089286	5874.1609016745415	3818.687102486296	4852.488241361895	4489.880193425135	4830.046429112844	5802.45099013599	4569.320421169279	4634.444522046793	3672.1687895240952	5616.61293715939	4316.386871337891	3085.705558723503	1835.3918300616017	3955.119980159491	3817.8495669642857	6140.314303369239	4570.6359104404755	3117.820073804411	4610.956492390771	4258.6410418968735	4929.105649519061	4515.619135060135	4502.082811714085	4694.918435768243	5135.432014153748	5064.954252814085	4473.8983135086955	5348.318285349008	5004.096018563904	4099.387102301913	4383.530151673961	5267.29534814432	4024.696945759849	4190.407836816562	4845.5278357303505	5158.030510158511	5518.264772805531	4926.20001336093	4505.255363997885	4942.62474814253	4808.323675982667	4325.558163844149	4449.213445695728	5516.037752491559	4434.798103325459	4409.907664075435	4877.115154908296	4935.595060854375	4412.931547403336	4962.436299183016	4545.641454046044	4715.077529358738	4704.012999581177	4523.900559950543	4517.10642479871	4251.642790034124	4467.713433101541	4529.028386449416	4517.952831278309	4580.594721290311	4675.355104577815	5045.003253283506	4679.092760091385	4269.594630062813	4265.663879619568	4510.566258196168	4222.426533763916	4411.36866437304	4400.028597565708	4244.281853344038	4673.668355416218	4633.967716822038	4247.950675915771	4962.173388736313	4389.0489452757465	4191.112294835341	4944.01614071934	4823.8267809911	4194.3758182388165	4101.562600917871	4246.031761206038	4083.783699456176	4615.54414205092	4431.503996949166	4026.4112181066384	4412.791400876113
4200	4500	6078.821735296482	4327.017550370301	4293.371593656994	5620.859021920629	3699.8331086149524	4386.060662689027	4432.3714223399165	4795.739625336509	5714.40074818086	3811.235673811052	3877.8059617949693	4381.897772550064	4273.840813220035	4396.01289590267	3954.5583366935484	4361.737770697747	4941.252587028554	5903.863704427084	4058.052766297993	5777.417797459802	4627.342622603675	5611.255382719494	5556.075722332613	3636.2168647723342	4554.780514884618	4509.450764693485	4609.797254431549	5286.382760232954	5115.6406596361285	4109.984175213719	2533.837979518152	5361.569709622748	3741.1925456523895	2033.8374902685205	1811.2191829897613	3893.187871718456	3540.1087785528275	5380.641303999342	4436.8982937187475	3060.7912274703017	3971.5178313744555	4381.356060523451	4856.503369602321	4299.38130138939	4391.113305714766	4535.881700826053	4915.6164189248075	4846.200594632958	3691.4189630089118	5036.246714465201	4424.70197801287	4173.046187317061	4005.9256002535994	4994.2043832165145	3963.3754532248217	4131.469423843725	4896.649308801335	4965.74230833371	5187.184705198253	4415.478165690104	4308.788907873239	3909.669206031622	4749.520835244121	4045.3569278286222	4395.117723635567	5169.059267078567	4146.644629057406	4084.11056268452	4506.04343984348	4769.6187730669	4105.542532920837	4401.126548620493	3990.2715290392107	4138.138149713303	4681.210672884737	4221.712160665047	3740.264145138516	3791.6148755071263	4249.72003805452	4227.559790343066	4288.860007321233	4179.840914681732	4207.69669795982	4779.164669355001	4137.2354385275075	4357.22439114617	3910.9275109128157	4065.6194008780185	3774.321260263908	3897.6602478820832	4097.60489012055	4396.911787338571	4062.756500999994	4628.132712717958	4107.09599434268	4028.371150938995	4119.056073885679	3921.3350359654773	4281.97475958395	4422.392203796495	3881.9886085398866	3903.0148678640116	3998.68130539181	4146.2216486069665	4042.311957379637	4056.914852562842	3880.9999960122223	3909.3970846551183
4500	4800	5624.94136631846	4182.88096857519	5036.192743210566	5239.996219731489	3373.090892016674	3762.829683848075	4202.387821408922	4529.665707370294	5420.35594455445	3575.3013636449	3279.769467237519	3885.1593778723677	4062.026077295481	3907.576333560097	3238.1573055538056	3481.9643832024526	4553.934505403661	4458.678466796875	3338.531421661377	5418.450303824757	4354.904104959515	4201.338137090774	5031.086921749717	3325.0645188980347	4341.833067690054	3917.21533523511	4317.805243338575	4978.178404167517	4245.723907483298	4356.976370894347	4012.7734580554147	5012.157625605933	3870.111539363861	1857.1129286972794	1766.7521115094405	3883.1763347571587	2842.108038829985	5642.587549439469	4270.619128854431	3042.3831669238625	4564.225640650408	3753.703109551896	4638.499766340629	4014.414305855836	3962.3020158333943	4070.299307906343	4507.759292363845	4602.462914741638	3634.8909115188735	4839.730753551699	4275.187481712981	4331.875039876432	3827.4767274163532	4817.0169754160315	4427.29671589267	3818.2627689641886	4370.86922491553	5226.278738284076	4723.908927197421	3946.433821796778	3895.2579601201896	3997.4340813952463	4205.445264598211	3856.455117255456	4175.405437017621	4974.368339410432	4017.3393077067835	3932.0797355752907	4229.248705233006	4400.0331271732775	4086.3239784240723	4397.855816400539	3797.4674142553927	4108.942979622674	4253.077520674201	3621.3601126192666	3852.4971027585193	3750.9823450002705	4336.458358511017	4087.66807474694	4149.206466138894	4144.354931310745	3505.302523300394	4453.714310547775	4067.3292879955284	4119.304889455063	3750.75928852061	3850.069484369986	4019.8062147183755	3451.1222076971458	3712.04625601459	4289.1368654821545	3644.4847957032384	4216.323687464859	4009.847606077206	3672.834718649476	3918.928518445727	3696.679169028429	4079.6427899820847	4232.557599343775	3683.858198959359	3626.2699915875814	3418.586755680662	3767.499507019589	3966.0366097249284	4095.4015758598507	3542.549300012052	3695.488407841435
4800	5100	5346.596976582356	3600.9150818976245	6582.265264601934	5036.09194235828	3253.4082082513214	3673.485603690801	3821.2101787764113	4474.382519458804	4870.165032880302	3465.171784941133	3324.740143864329	3798.5283389265483	3509.5598979144556	3178.2521442308484	2751.609504906439	3566.005132415824	4353.847190422025	5054.115087890625	3607.4800466236316	5090.776959673369	4123.764565194754	4522.609695870536	4746.9089146299075	3139.3368497818246	4215.592660264838	3844.2723399675033	4168.196144517148	4158.804697236018	4167.18224896137	2870.9807051893304	2814.2310203202896	4543.574906961482	3096.610009074211	2191.5380432555726	1634.8330592211103	3803.1803734824693	2883.9980650111606	4966.852930333844	4198.221003429534	2976.2306824983084	3639.6510197934886	3655.315430495244	4360.103899801143	3919.3581535834305	3620.9737802349023	4065.9021406657785	4484.044531352526	4101.549928742981	3489.449235398598	4710.6118547449405	3972.142280583684	3969.227985319224	3391.0516362534768	4555.486700249378	4453.841702532936	3299.3460911954935	4107.790321390897	4555.550159710131	4878.949075676604	4141.732918840854	4082.9950787555317	3896.4090631292197	4134.568142813126	3815.7047312843347	3871.714931048471	4698.355750741885	3884.168218226797	3576.8340979064537	4124.426807023326	4226.02774850717	4029.824300646782	3894.043233133697	3464.157070860571	3777.8732898287303	3725.4206992633276	3795.1307267047446	3270.812673511475	3519.5820717668166	4106.300602628079	4008.492883263589	4128.404349511557	3478.802100114504	3992.926419952966	4366.800807657009	3800.5499218427112	3810.3946934076844	3383.5935587181707	3636.41946655626	3539.190365616213	3525.8258263899893	3518.534925124819	3735.6557754240753	3883.1148769744777	4043.496798297979	3470.8241806328597	3659.7701946826155	3641.9933344887645	3363.695067153691	3783.8270426549047	3880.4969593033065	3495.2736158764005	3478.2870729566125	3234.631164085383	3550.721845762724	4016.9181362955987	3843.08270599074	3386.760567389902	3415.659065703748
5100	5400	4987.523986871837	3974.5754038364603	4468.653238932292	4726.834613279686	3022.600108368543	3826.6985415871295	3625.509046502486	4222.915460105466	4103.831636095135	2999.6220318987653	3266.0638848529597	3253.9243308531327	3985.818217875329	3132.871203368108	3005.5095075053555	2252.657318377864	4705.116998041692	4882.342447916667	3412.449080417031	4778.097083695115	4225.239115963304	4679.313464936756	4387.491093333175	3234.992117094967	3694.9580825573007	3249.2012343664564	4137.634749253476	4204.787790839352	3548.8087582464213	3208.404441138462	2255.2002724854597	4292.054267894649	3790.470384836197	1546.9455152391554	1631.5684639102801	3736.6841256375633	2764.582422688802	4616.925018762638	4039.13052865353	2940.993785839105	4047.0091571311596	3257.2699791692917	4094.7315991802952	3685.205135878313	2862.6193549769196	3726.6995992466063	4364.722371034797	3926.0916353678817	3449.6369805288246	4493.293667981136	3839.0862593077195	4080.615442554582	3190.5228874677887	4116.3912127537715	3148.8483138056044	3406.9755974035293	4326.797734469654	4575.775313720114	4829.2924495951875	3845.4857411550647	3897.464694790406	4144.404353224929	3929.7101750822712	3548.187032265721	3558.9598333095946	4294.217011542899	3728.9922348154923	3538.827930753594	3841.553669290644	4094.173535280102	3678.7653325796127	4149.419569686342	3665.89998953683	3487.2872909968505	4055.1158891098767	3851.2476879814426	3396.041468338567	3167.6392215650576	2875.7137818691876	3622.4986613985243	3632.679967128041	3301.679002910719	3684.1394456453263	4244.397307698106	3501.052931230196	3501.0775002169835	3232.5792886686345	3472.8784847294205	3324.5756441687004	3171.6460212632137	3451.6992641666234	3820.726984964716	3514.8618342869054	3660.5566949085996	3169.135529617959	3462.4338369844613	3547.706706391557	3181.8253170865587	3630.6016333720036	3726.333973786507	3468.8244168646916	3473.5108998401806	3370.765888697812	3651.394886471508	3562.6999205338643	3184.8322752098693	2754.229943692576	2889.2768580785037
5400	5700	4675.075387162335	3754.76114937299	3301.2235320560517	4460.319752552683	3030.9864469333206	3499.590448230839	3993.513739130825	3559.1334240740766	3268.7647702830054	3478.641114561708	2527.3993681620777	3323.368252338375	3063.132217007651	3403.7858814134656	2325.752327565839	3399.6564105193092	3516.6296454332123	5775.3904296875	3672.2930181402908	4478.5551005270945	3502.1976183113725	3740.399781436012	4140.0555467104905	2940.1861166620292	3815.837966754384	3926.8519205556568	3431.5220416017387	4010.6941553372058	3561.947778819073	3045.062993649787	2010.309092849889	3779.1695635317574	2940.893830060959	3421.5763955282996	1633.4739689460303	3675.1377706808603	2561.885405529204	4124.625327086136	3893.8079808594725	2885.201138627536	3612.18785602343	3424.3058110971506	3979.374555449597	3873.7074546434947	3707.194246444623	3411.022301557628	4432.709923054052	3775.7817888995337	3279.595997648007	4155.3033874003695	3766.4171028831893	3222.367610576839	3356.010778719118	4191.436618699335	3628.511638602158	3564.73753137558	3815.4144252294313	4124.606379831464	4572.42901653399	3583.7980895692435	3408.266640446889	3268.187803649372	3698.6298205005496	3440.796272672966	3450.2365244604907	4220.587548800525	3373.9346755835536	3473.647575560311	3449.592768304806	3647.3290168922454	2915.0451580286026	3266.9930981067987	3197.158471733071	3314.296098743949	3329.011241807553	3696.3106049353337	3172.8224005917614	2941.8672511182253	3174.342745161696	3329.122587943017	3337.3098015326127	3234.659301367553	3150.5042132734006	3913.114728489077	3521.295452795652	3541.113858124342	2954.1238310679896	3409.0617582880377	3314.35916195739	3344.7393801049893	2976.096064647144	2957.827759698879	3985.950832685819	3841.1387185936023	3054.218348092599	3391.5879273951073	3278.9891502766704	3319.6978415801277	3482.1480506813054	3596.5239659420677	3230.577682042514	3056.947680473954	3164.60270249574	3413.807090426392	2754.605509359816	3018.8634364789314	2520.1822797771806	3017.9411961923915
5700	6000	4438.7072845791945	3200.9474371893266	3034.589923192584	4182.611564297643	2884.9543933979153	3334.077530034535	3096.401891439726	3378.0376697506326	3688.13877702857	2673.120450106534	2624.738508022898	3175.1430467105456	3232.97675504544	3411.05187849565	2641.9780771956907	2282.9709849792584	3130.0526397726208	4857.262158203125	2569.293878053364	4237.446946438393	3635.925307636236	3999.2013346354165	4006.0227326982786	2740.9160750920087	3528.490010798842	3301.36524746552	3976.222644373484	3842.279504690597	3547.6736894167507	2934.2407541324956	3146.238314066539	3172.8305780564906	3217.5208168029785	2330.348486840308	1695.4858753598664	3642.2862876282406	2406.825066941034	4038.145473252356	3783.1700967053193	2805.9303240310574	3633.93644535325	3090.4972867626507	4142.253465171629	3531.840589263577	2708.355868394006	3348.871260060871	3890.1538361540865	3819.0391291960423	2842.7080900367805	4111.101298406225	3332.4521935384482	3426.328011697816	3058.4558385910914	3915.2571855102856	2398.683954514317	2897.809001496044	3677.5622236962413	3987.2531240107182	4033.6843849740376	3592.9592158834735	3309.169720208367	2716.327236630015	3698.673039255622	3193.503330356912	3505.282719171787	4154.061603240572	3185.8401030398127	3539.4576871960367	3399.717312418057	3741.2861632540285	3276.103887975216	2984.323647762799	2576.2595165908856	3187.8919516424608	3147.059039073385	2888.7005311597295	3220.24328048007	3200.0111166350157	2775.5722121169674	3446.9480426124837	3431.441840065665	3255.9707959700095	2601.2260021615875	3806.3877332965967	3016.803104074942	3057.355811198508	3184.9223364392833	3206.8618030162506	3112.800551731916	3192.05019191002	3096.5415839067673	3559.156351357462	3050.2092854172083	3464.763641208291	3272.704462113826	2509.1628242676425	3328.560195550257	2971.9474915908036	3939.910349367453	3278.83300056556	2922.047653946941	3180.9375716342815	2820.873619456092	2969.3569082910944	2695.683290115754	2886.2338136332173	2565.669286765983	2828.309648972683
6000	6300	4278.880589275646	3351.1197000836223	3774.384521484375	3784.367479999825	2808.4274247337166	3231.4623287887484	3525.02262787253	3708.7129275494585	3398.0390226810237	2690.471215521539	1923.6725746216812	2791.8423594901924	3144.0453947351334	2537.3322361629557	2930.7771228027345	2852.4315263285284	3156.0447829717746	2152.5826090494793	3289.786950061196	4056.8697300327917	3547.627253078267	2487.2532470703127	3899.5610929743816	2703.482994440559	3663.7884017889482	3211.070287225102	3118.8602769321483	4722.925038921299	3216.9523337281935	2036.8845476559943	3185.3229551329396	3600.3682410146084	3600.598746061325	2155.5857232367243	1537.9924062542334	3591.2399295708574	2921.820649030413	3827.041420219893	3758.581749936176	2851.6281797205716	3851.295090747921	3031.20206614858	3969.5802849110296	3047.865894364447	3325.3813762090413	3217.8578327965065	4224.073359266066	3851.2442928305877	3708.563877991625	3984.237901569235	3315.7792669943033	3105.7901260700633	2851.377425390114	3735.682002546053	2768.943129626656	3139.8928349114076	3550.805851057464	4037.414063147744	4457.801638913686	3655.187299586054	3109.0405320510113	2960.845577556667	3286.345387111879	2964.043907623326	2876.3211511800982	3957.294529054824	3213.334098911735	3130.050851650112	3570.9904304641577	4084.907605506297	2759.7110563516617	3328.9028403936272	3382.411348926778	3031.290411819341	3760.537591630486	3571.718056011467	3061.2226011568523	3056.3459756468915	2946.2071146374415	3009.2266045430274	3181.4917270861033	2996.057940532451	2854.1944015598497	3660.002458781256	3276.8816078516775	3239.667630907275	3047.224067409817	2891.6837039122875	3538.2975504274514	3322.169820284633	3564.9848531760917	2972.8333431670976	3474.763943627892	3553.2040710313645	2962.0131405790003	3188.654008775369	3090.9778296862128	3074.76847825404	2877.197614205505	3121.8378935353844	3133.4725580308864	3001.3396624282304	2820.280091503371	3104.632722979973	3449.3786799333748	3030.4648644364793	2513.5256975177413	2534.4532186019424
6300	6600	3955.6351877577167	2801.067161593283	3951.0672762431795	3304.2825730323984	2655.7388226742924	2815.7067268544356	3209.157462386899	3913.203421063522	3493.6379953739174	1949.5362752634328	3917.565541039444	2500.404784578215	2708.5394767474036	2653.0143444230644	2298.5204085417718	2905.4672528002634	2588.0963475508856	3174.6173502604165	3155.174031207436	3920.5936664024207	3187.50026787211	2964.870596168155	3261.2751565643853	2698.6753580270906	3318.120955813725	2734.487148879568	2995.34376260365	3104.0644022813485	3019.587924329102	2609.662383298225	2801.166326300256	3824.8848869539333	3448.525474190712	2622.0856959202906	1666.9878757364586	3530.7752929622475	2506.237500034877	3512.660793452831	3715.0454304586183	2750.4924005529756	3100.536956891981	2810.2974432731485	3566.7710426729664	3359.7266407291627	2615.3363429432966	3045.997905259536	3613.8044716373956	3321.8502242843824	3221.3510098218576	3704.7050237304106	3367.350342681207	3564.2167916902827	2781.9879136362124	3887.2639382372267	3743.101283467996	2908.8518524462424	3563.6502010869044	3484.0355727788738	3904.8572121516013	3918.599892505247	3008.918265163102	3206.450621774189	3380.4625080490855	2860.6168624404463	2731.7493048582605	3999.413959744673	3182.7578293987744	3423.7607328149656	3526.184630070111	3840.9032464901634	2726.8257471323013	3217.887346234238	2855.47125573339	2839.1872000483536	2687.0874820555346	2705.5813099409684	2931.6593940698704	3360.335460980649	3362.483069305829	3243.0717953171443	3316.2531975921625	2999.7788570816865	3101.344264323129	3821.0738002804637	2841.1856849283613	3006.7549406491958	2558.840219937598	2896.410660441259	3352.1177854168213	2850.366851306743	3294.5985125206953	2946.9618496784437	3087.3904186933773	3366.7462086484784	3030.3027766703653	2708.1784723949527	3019.8379993368653	3229.9360973040802	3096.364021698976	3354.543147927279	2841.048424679346	2884.776965763211	2788.3984762287205	3039.1222640231053	2049.733074955989	2970.870186537416	2731.811459522282	2409.2041481130636
6600	6900	3990.6691176880995	3165.1933361528227	2572.428513299851	4145.775841433851	2812.312438547007	3271.697784634796	3248.1618871387195	3194.6471694697257	3692.6436671754054	2512.0992288656166	2610.0053740214526	2660.5027441901634	3198.3399261249847	2676.448822860234	3211.398730074975	2929.882543041866	3184.61958556326	4678.70634765625	2459.771938625135	3762.548058358997	3265.72235882862	2360.911156063988	3475.343896338873	2820.5110241996686	3296.189830227236	2643.450889433682	3361.959072242489	3237.7892842079277	3059.722908545859	3874.0250154665005	2613.751930180469	3170.682875115504	2889.414256334305	1107.2675254128196	1576.4278632154783	3529.8259539498376	2645.325712146577	3636.9104130579135	3722.042280723812	2765.2247132219654	2629.309404405941	3135.1251060921263	4098.0142111662635	3239.471191388414	3821.087421199367	3123.7790089042483	3720.2147477469857	3673.3111145980547	2661.449389529103	3862.9231141370487	3143.1466557569806	3233.5050028616515	3164.3325825220877	3472.6737438122705	2148.141861943956	2457.1655408475344	4103.06013286135	4226.169435890297	3873.1894305847104	3088.561622399477	3106.044861194042	3207.1507587439487	3335.6370332155584	2626.4722165719795	3267.4445986690107	3827.2035997326675	3183.752763830454	3139.0708167335056	3294.1696053814044	3873.931050671	3263.175956964493	2278.158390590123	3194.4405955322977	2773.8176681077966	3534.0612331641455	3370.250803954394	2663.261227503772	2768.6835660672996	2615.80648497717	2982.2650396276554	3156.1452405823916	3036.098916822211	2810.0591929043508	3368.5949655754594	2780.5525194110633	2721.9145777037584	2925.512215576422	2886.1306353520167	3323.452870378027	2865.9076314322106	2784.226156248383	2748.0673357052838	2639.9784323866525	3149.0417478299573	3179.908371499285	3080.7351568379995	3091.7145529295485	2581.038609717524	3447.928465541728	3035.3673284878114	2713.2453865441835	3043.8042912954284	2592.748430369732	2828.9907519569006	3146.521182523154	3193.862900438023	2598.113451561348	2270.041719624451
6900	7200	3666.9376293872137	2435.570827612657	2269.4266202411955	3135.5810671845406	2471.731219824089	2795.3347527796095	3457.4818000638766	3299.322107433919	4583.955150372416	1888.1076901842664	1871.3112509006407	2495.9131687386553	2781.407489227195	1846.2369815592533	1665.25485462804	3159.616914154946	3283.490053002124	780.4481608072916	2139.1949244047464	3708.435604813109	3225.641022950806	4543.441217912947	3313.0101095795944	2640.7262569381974	3479.0125732913666	3044.3794265051283	3114.843611007305	3411.5524445149435	3222.5308956346184	2312.5196331882976	2897.6318100629214	2691.876167323841	3310.09100908041	3836.950164154693	1660.220963498714	3501.1898670342434	2833.8951473795573	3455.4499427717387	3747.3434142692854	2731.472109740499	3137.134782344498	2877.348779493763	4202.606728981231	3110.002408391617	1891.522123089213	3003.322802694656	3479.3533657636667	3472.1027944600114	2720.9578186529957	3878.6601102280893	2692.654218704891	3198.355627137744	2803.5849812069237	3662.9641242373773	2310.1037285878506	2984.7921482463994	4157.157672440092	3042.5189626484866	3534.6730228395754	3271.992989922519	3115.8722734115513	3349.615793888666	3488.291179030418	2524.2676395831413	3365.5296068952316	3649.9623531555944	2835.5424650519467	2932.537067490382	3187.8846274531124	3299.2064431456324	3289.170429944992	2515.5992801701314	2002.2548415292456	2933.3754048794244	3003.1284563910936	3442.6999108749947	3092.5589249808263	3206.1047556199132	3337.1362205689456	3344.5152152421883	3317.438926394161	2621.1653721897173	3145.012079354368	3265.1431030967124	2723.1711036833485	2903.3426707797107	2588.8645869266397	3021.3189125962786	2699.323696055548	3156.232604409157	2670.9148801710116	3008.709680723607	3063.708518140087	3395.7517962394318	2775.228661044618	2874.7735930379567	2815.075964068384	2730.2496821059776	3500.7838536996355	3204.1936175068213	2765.686394196036	3140.955953437511	2699.2760069705264	2779.117573657089	3027.8420742068033	3533.6412476429464	2199.612037921774	2366.6152828897707
