frame_start	frame_end	Left-Lateral-Ventricle	Left-Inf-Lat-Vent	Left-Cerebellum-White-Matter	Left-Cerebellum-Cortex	Left-Thalamus	Left-Caudate	Left-Putamen	Left-Pallidum	3rd-Ventricle	4th-Ventricle	Brain-Stem	Left-Hippocampus	Left-Amygdala	CSF	Left-Accumbens-area	Left-VentralDC	Left-vessel	Left-choroid-plexus	Right-Lateral-Ventricle	Right-Inf-Lat-Vent	Right-Cerebellum-White-Matter	Right-Cerebellum-Cortex	Right-Thalamus	Right-Caudate	Right-Putamen	Right-Pallidum	Right-Hippocampus	Right-Amygdala	Right-Accumbens-area	Right-VentralDC	Right-choroid-plexus	Optic-Chiasm	CC_Posterior	CC_Mid_Posterior	CC_Central	CC_Mid_Anterior	CC_Anterior	ctx-lh-bankssts	ctx-lh-caudalanteriorcingulate	ctx-lh-caudalmiddlefrontal	ctx-lh-cuneus	ctx-lh-entorhinal	ctx-lh-fusiform	ctx-lh-inferiorparietal	ctx-lh-inferiortemporal	ctx-lh-isthmuscingulate	ctx-lh-lateraloccipital	ctx-lh-lateralorbitofrontal	ctx-lh-lingual	ctx-lh-medialorbitofrontal	ctx-lh-middletemporal	ctx-lh-parahippocampal	ctx-lh-paracentral	ctx-lh-parsopercularis	ctx-lh-parsorbitalis	ctx-lh-parstriangularis	ctx-lh-pericalcarine	ctx-lh-postcentral	ctx-lh-posteriorcingulate	ctx-lh-precentral	ctx-lh-precuneus	ctx-lh-rostralanteriorcingulate	ctx-lh-rostralmiddlefrontal	ctx-lh-superiorfrontal	ctx-lh-superiorparietal	ctx-lh-superiortemporal	ctx-lh-supramarginal	ctx-lh-frontalpole	ctx-lh-temporalpole	ctx-lh-transversetemporal	ctx-lh-insula	ctx-rh-bankssts	ctx-rh-caudalanteriorcingulate	ctx-rh-caudalmiddlefrontal	ctx-rh-cuneus	ctx-rh-entorhinal	ctx-rh-fusiform	ctx-rh-inferiorparietal	ctx-rh-inferiortemporal	ctx-rh-isthmuscingulate	ctx-rh-lateraloccipital	ctx-rh-lateralorbitofrontal	ctx-rh-lingual	ctx-rh-medialorbitofrontal	ctx-rh-middletemporal	ctx-rh-parahippocampal	ctx-rh-paracentral	ctx-rh-parsopercularis	ctx-rh-parsorbitalis	ctx-rh-parstriangularis	ctx-rh-pericalcarine	ctx-rh-postcentral	ctx-rh-posteriorcingulate	ctx-rh-precentral	ctx-rh-precuneus	ctx-rh-rostralanteriorcingulate	ctx-rh-rostralmiddlefrontal	ctx-rh-superiorfrontal	ctx-rh-superiorparietal	ctx-rh-superiortemporal	ctx-rh-supramarginal	ctx-rh-frontalpole	ctx-rh-temporalpole	ctx-rh-transversetemporal	ctx-rh-insula	wm-lh-bankssts	wm-lh-caudalanteriorcingulate	wm-lh-caudalmiddlefrontal	wm-lh-cuneus	wm-lh-entorhinal	wm-lh-fusiform	wm-lh-inferiorparietal	wm-lh-inferiortemporal	wm-lh-isthmuscingulate	wm-lh-lateraloccipital	wm-lh-lateralorbitofrontal	wm-lh-lingual	wm-lh-medialorbitofrontal	wm-lh-middletemporal	wm-lh-parahippocampal	wm-lh-paracentral	wm-lh-parsopercularis	wm-lh-parsorbitalis	wm-lh-parstriangularis	wm-lh-pericalcarine	wm-lh-postcentral	wm-lh-posteriorcingulate	wm-lh-precentral	wm-lh-precuneus	wm-lh-rostralanteriorcingulate	wm-lh-rostralmiddlefrontal	wm-lh-superiorfrontal	wm-lh-superiorparietal	wm-lh-superiortemporal	wm-lh-supramarginal	wm-lh-frontalpole	wm-lh-temporalpole	wm-lh-transversetemporal	wm-lh-insula	wm-rh-bankssts	wm-rh-caudalanteriorcingulate	wm-rh-caudalmiddlefrontal	wm-rh-cuneus	wm-rh-entorhinal	wm-rh-fusiform	wm-rh-inferiorparietal	wm-rh-inferiortemporal	wm-rh-isthmuscingulate	wm-rh-lateraloccipital	wm-rh-lateralorbitofrontal	wm-rh-lingual	wm-rh-medialorbitofrontal	wm-rh-middletemporal	wm-rh-parahippocampal	wm-rh-paracentral	wm-rh-parsopercularis	wm-rh-parsorbitalis	wm-rh-parstriangularis	wm-rh-pericalcarine	wm-rh-postcentral	wm-rh-posteriorcingulate	wm-rh-precentral	wm-rh-precuneus	wm-rh-rostralanteriorcingulate	wm-rh-rostralmiddlefrontal	wm-rh-superiorfrontal	wm-rh-superiorparietal	wm-rh-superiortemporal	wm-rh-supramarginal	wm-rh-frontalpole	wm-rh-temporalpole	wm-rh-transversetemporal	wm-rh-insula	Left-UnsegmentedWhiteMatter	Right-UnsegmentedWhiteMatter
0	30	38.47657	74.91162	47.62364	62.33106	58.93756	44.69845	54.70655	83.29949	100.91768	73.97675	114.72618	85.12135	227.92938	69.40513	37.90992	69.73424	19.49725	84.78167	55.61983	32.56193	60.98447	69.7036	55.60862	68.44991	56.84334	34.68693	89.97609	85.04684	90.19353	75.44273	53.8032	336.55085	20.62311	82.98124	44.3656	69.13933	110.22319	119.34955	66.73479	44.09703	49.52509	105.65507	41.08764	53.66699	42.045	63.13026	42.82719	88.24347	35.1006	70.71762	45.70709	76.50432	44.27282	53.31424	59.46777	73.06147	45.75157	35.02666	55.93905	41.34522	61.27567	88.27634	48.31365	55.69229	43.75326	94.9382	42.26279	36.01718	38.86402	13.01764	99.20219	60.41468	68.7561	68.97848	45.79572	192.58944	117.74456	71.78359	44.6674	67.46489	34.89673	109.91295	32.18429	100.18598	68.82989	201.59498	44.44589	89.53599	29.77871	58.01592	30.69757	50.46345	89.6192	54.57227	38.1778	122.0966	46.21157	60.57778	42.64835	81.6669	45.17011	10.99713	98.57022	70.89775	103.47608	61.51297	55.8743	46.05385	47.027	157.01338	25.92945	41.53954	35.73507	50.28315	41.15635	60.51431	45.87114	60.50598	44.06509	80.53963	42.6291	47.16878	50.62954	41.14258	65.58181	30.6325	59.0535	40.21684	43.05074	68.3465	47.08134	60.20457	42.2798	77.01487	33.8547	43.37688	26.76364	17.76068	73.28065	45.9393	41.84631	67.38439	50.35586	163.78697	96.1601	74.37876	55.77117	59.0079	51.4618	77.8916	27.70895	94.97181	86.53958	185.7563	43.15677	48.66913	23.73577	35.51056	31.66193	42.57905	78.86553	49.7587	44.82877	69.72471	34.89391	51.24699	49.5417	58.71179	48.49796	48.41966	153.54388	54.01107	67.22116	38.24265	58.61681
30	60	3779.67197	4832.26869	6174.82594	8391.58763	7968.73189	6972.67578	8740.43162	5777.38693	6421.62794	6417.20551	6401.29005	7337.63454	6412.70667	9718.57731	8166.99517	6656.27981	8600.13965	6259.85257	4700.80786	5348.5576	6185.48445	8263.22319	7206.24304	7050.53979	8702.01856	6264.75217	6587.99933	5523.20017	8215.24434	7011.13348	5907.8552	6764.22356	4115.05823	4546.36006	4073.96485	3547.59338	4356.07889	8060.95803	7978.15504	8547.46037	8512.77696	5967.87834	7075.90576	7584.76353	6670.74829	8170.3303	6232.78573	8578.82182	8964.26687	9892.39187	7279.97816	8059.94889	7362.64037	9161.26279	8880.27825	9230.24618	8960.18021	7415.60558	8879.97771	7318.44016	8464.30811	9194.63473	8575.25717	8850.48543	6486.30347	7750.75159	7928.73695	8671.90592	5185.76939	9777.25045	8474.90238	7971.30782	9164.23909	9962.2571	8222.69211	5777.75303	7035.93965	8027.52771	6367.20455	8820.86619	6711.9454	9682.35149	8673.7252	9430.19772	7420.99786	6572.34781	6688.23762	9979.48912	8577.01848	9857.05441	8938.01142	7870.72411	8225.04761	7877.93902	9054.34312	8821.50175	9176.21383	8953.87345	6677.29648	8181.60107	8091.85857	9694.95242	6240.70833	10370.75579	9070.2935	4707.4526	3682.8863	5598.43802	6964.50827	5986.99757	5424.47033	5038.404	5080.00164	4883.23839	5287.91492	5797.8355	7004.16359	7634.47427	5255.81075	7378.9933	5440.71062	6117.59397	7442.58086	5833.74172	6675.20087	6206.29937	4533.17733	4668.17487	5715.56851	5853.74269	5606.42786	6188.84806	4858.6369	5510.17511	4971.93435	9351.50368	4934.91168	7376.84372	5946.296	4888.14833	4290.44966	6000.64432	6475.24326	5310.43837	5206.77675	5756.90178	5428.63005	5031.49202	5676.91568	6888.84141	6496.76475	6365.70138	6257.68072	6114.79657	4386.34984	6873.53395	7884.81646	7470.19477	6148.83261	6617.72657	4510.61894	5375.13625	5963.80679	5096.19533	6458.85491	5945.14953	5128.68449	6272.92766	5715.72083	9189.32947	5721.81573	6897.46428	6058.25892	3459.36142	3418.40356
60	90	11837.90218	14482.39445	19561.31337	26255.47508	25240.5284	22555.0364	27293.09487	18777.61541	20627.04717	18264.07094	18676.80017	19940.64878	18460.89606	24605.04015	24342.14544	20674.47108	19068.76367	19263.09382	14126.86802	16305.07768	19590.61286	26144.06646	23974.58023	24158.90526	28118.15233	20580.26563	18929.82119	16218.72785	25383.50454	19296.61337	17688.14585	15693.85917	10885.28861	13998.68482	11459.1386	10444.31734	10157.30284	23612.49199	23064.56206	26288.97676	28007.62011	17143.49051	22142.44173	23885.62949	21289.90481	23920.95984	21086.76055	25486.72624	26468.72821	27070.03629	22378.15551	21303.27729	23217.44657	27453.37116	27737.38306	28247.3233	29781.18411	22807.49233	25342.43308	23615.45027	27436.00339	27091.11018	26016.98864	26642.02278	21153.10082	22928.87965	24781.56372	24394.02905	16470.55065	29094.08702	24944.71096	25496.95769	24804.12824	28463.00095	26269.60271	17537.5067	20977.06844	24592.80886	20433.84694	24392.55293	22040.39607	25465.77234	26861.37543	25518.10187	22534.00973	20004.81221	20263.33108	30039.4957	25393.72912	28163.68827	28663.49337	23476.95593	23855.24524	24389.39893	27318.52912	25871.1541	27281.93477	25969.88425	22283.45738	23117.88465	24587.08803	27737.17004	16941.60214	27428.55354	26510.49634	15045.677	11392.31771	18154.71555	23593.58278	16883.46936	17002.88024	16855.07946	16533.18331	14245.91233	17538.70036	18563.20475	21054.55316	21972.55748	17100.56478	19544.03913	16952.50581	17746.60376	24597.60059	18324.32611	21573.03544	19906.64195	13716.07057	15423.33477	19239.27998	16378.17098	17219.30173	19518.36082	15947.47884	16286.94936	16319.23506	24689.58937	16771.05741	22190.72168	18441.54449	15538.10471	12623.70763	18934.32716	21659.804	17338.47755	16236.05999	18548.04796	17689.23908	14818.30083	19092.20907	19552.52439	20810.53946	19376.59679	18478.14753	18935.78126	13872.08423	21418.91412	25787.53036	22827.37687	19620.06941	20376.83094	13501.59671	17225.89319	18320.92848	15272.78167	20129.3336	17796.92766	17288.90375	18500.98795	19374.98102	26585.21845	15865.33064	20767.32009	18547.89937	11058.02328	11165.6977
90	120	18893.51252	24928.3295	33377.52788	43881.78235	41063.98801	37067.89983	45546.73592	32056.75306	34038.79823	31273.77748	30614.67644	33853.90771	29590.71151	40895.11725	37803.09752	31579.40136	37195.19531	27998.11757	23777.44744	29065.1898	31566.34571	43955.29603	38293.66811	41655.17648	46160.25789	35355.68992	30458.45513	27102.01286	37720.33347	30508.143	28152.32605	18165.15769	17390.07049	20622.0022	18587.18575	15385.60441	17923.32829	37264.94908	39164.75921	43338.37318	45960.95313	26987.85222	37640.76276	40140.25985	35723.28815	39849.38792	36123.69725	42221.03369	43557.69547	42161.07939	37211.22592	33994.17539	38469.26922	45384.40777	44607.99429	44018.05796	49240.62604	37430.0544	42762.88935	39192.62807	44825.39044	42806.84547	43546.32345	43633.77897	35435.53311	37203.3436	40488.36799	40473.19722	27548.0692	48550.16426	39507.32692	40218.65067	39502.11959	45241.33472	43743.47477	26812.47153	36293.05967	40959.82834	33531.16843	40400.91299	37298.10955	41587.85788	43811.74889	42198.17107	37432.32533	32400.70991	35157.88607	46601.11413	39866.61407	43380.27805	48657.70205	38276.86532	40744.94998	40529.34061	43780.58288	44595.64329	44361.06458	43290.85451	37076.37413	37482.95814	40281.52742	44718.91687	30201.23151	46496.53068	42155.14053	24694.15859	20397.57796	29832.08769	38812.5865	27676.56124	28031.63138	28237.76155	27463.65899	24202.91891	29792.49012	31509.81205	35102.57872	35295.64925	28809.71776	30985.49471	27786.05727	30567.64732	39862.82044	30993.94986	36194.90855	33495.01714	23619.31335	26405.14364	31045.31913	27763.80556	29063.75124	31989.55712	26773.7609	27722.78467	27309.9752	48131.05772	30410.64871	36789.5835	30577.08391	25778.24765	20179.7066	30680.55209	36415.29732	27616.17727	27862.43788	30562.44176	28944.70757	24260.29625	31721.69816	32862.98062	34571.26906	32061.71521	31875.83843	28957.74986	23891.17232	34088.47441	41598.37302	35706.18175	33146.01533	33836.17808	21851.53231	28770.16661	29953.29551	27925.53153	32409.56745	29939.157	28717.02543	30609.92886	30989.68055	44028.06014	28837.96475	34905.57002	30426.21432	18155.95137	18525.81704
120	150	24929.27208	34627.6389	44101.586	57394.28619	54159.81935	49367.86722	62627.93731	41554.23523	43688.14122	39847.61575	40406.31975	40925.24623	37848.4151	47677.16572	51785.47806	41966.87326	46686.79492	38342.63144	30116.31419	32997.94893	41972.97659	57074.14318	51638.50734	53857.27013	60413.83203	46555.85695	38788.99301	33909.98349	51488.24308	38766.49496	34997.17683	21822.32031	21469.5518	26893.74305	23418.95967	20942.20407	22672.7838	50502.02729	49057.39928	56313.14949	60239.2533	39162.58909	48745.76203	53576.82256	47541.31662	50001.57658	47806.23978	54202.45636	56604.03506	55231.16599	49583.88259	43759.4499	50660.6326	58138.62722	58489.06458	57267.09883	66228.05711	49524.70615	54487.68351	51704.9188	57865.92102	56161.08408	56510.50733	56517.50559	47708.06582	48355.89805	52954.04241	50461.96763	35739.74165	58231.03362	50278.85029	53267.92422	51005.85766	58193.98976	56026.28318	35158.07352	47148.05797	54240.97632	44098.09671	51576.04338	48691.29481	53495.31476	56456.88231	52883.30401	48570.67744	42682.60473	47067.3878	59261.84137	51924.96305	56564.78525	62953.01695	50766.20529	53713.01501	52952.69273	56968.56733	55232.31127	58497.05266	55768.50724	49167.47001	47908.49846	52795.61604	56573.01384	38985.18578	58514.55706	53187.04399	34647.30002	25967.36247	39223.79212	51503.82684	39176.06165	36432.47535	38183.88256	36705.61354	30816.84972	39771.80142	40456.33914	46668.78446	47217.24284	38218.50467	39792.73459	36730.43694	39329.60553	53850.97297	38574.34085	48563.29527	44157.13671	30432.86522	35276.23571	41092.41043	36261.13202	37812.83631	41941.84353	35991.96134	36452.43533	36642.9856	58763.64286	41262.95573	45272.78705	40452.34499	34453.09143	28493.23027	40103.29342	47505.25172	34555.53317	36533.57238	40220.53728	38549.08588	31173.52972	41485.17738	42937.97461	44981.12507	41185.34387	42245.7021	41341.31082	31384.73438	43301.89481	53763.87411	46271.55369	43007.28294	45038.31682	28709.03525	38208.90362	39276.18294	34914.53201	42953.33379	38969.7882	38059.93178	40836.24959	40958.49594	57951.76458	37030.93559	45177.6829	39451.98526	24089.85494	24167.56593
150	180	24880.72574	34659.21077	45762.79486	59773.18522	56803.63839	51790.98366	64686.31375	46375.44197	46734.78212	40326.97643	41705.35115	44052.14869	39504.73477	50267.22827	56296.80147	43524.10117	51199.67188	36955.98559	30302.8255	35205.42582	44563.72015	59955.7461	54611.76446	56364.14934	63141.27013	46182.39449	42000.42031	36456.82912	55746.9606	42063.22572	35864.26619	19423.13999	22999.03039	27838.60232	24721.29166	22217.67959	25348.06138	54871.41581	49175.33547	60468.92475	62483.89729	38889.48818	52386.48065	55600.60853	50288.93307	53030.44039	50206.74654	57663.28057	59225.39333	56157.87614	52704.95441	46189.27612	51990.6827	59775.55918	61129.42637	60014.60088	65840.20519	52085.85426	56921.85312	53274.78125	60638.55053	58028.03874	59561.29745	58807.29095	50377.21479	50543.18717	55199.75863	54786.69342	40128.38896	60321.97605	52347.6457	54944.32508	53995.98364	61732.04528	60880.48595	39281.3942	50020.71448	57092.1717	47750.44215	55258.29547	52485.73075	54852.75831	60222.99032	56031.86311	52172.63398	43512.55694	49426.76516	61610.48064	55773.78578	58629.99474	65843.4586	53596.96252	55298.91657	55887.18619	60341.95089	59764.99166	61518.00366	57848.30593	52214.28478	51330.59126	54918.57886	61287.69606	37618.08606	64239.26625	55527.76165	37796.47375	26546.74775	43148.08463	54969.15053	40881.94993	40009.25422	40509.72731	39700.69615	30811.0617	42228.30107	42996.5521	49294.20124	47872.96871	41549.58829	43337.96009	39179.63707	41569.21514	56985.98746	42334.4797	49869.95676	47120.63649	32525.18471	37413.31794	43064.45516	36003.881	40494.81797	44180.8247	38463.55309	39204.13259	38649.00262	62774.74432	43124.32599	49351.83311	42811.87807	36188.9591	30426.13564	41908.28873	51359.98322	39641.88085	39395.19919	42940.26351	41857.503	34621.36788	45669.74959	43888.68929	48757.86665	43696.73233	44103.44353	40807.39665	34694.77836	46931.63776	57379.08361	48438.79074	46033.36274	47514.70518	30590.04147	41031.18001	41541.011	37972.56548	45525.5631	41951.2316	40612.46523	42602.14899	42818.70956	63325.66077	37870.39984	49530.35494	41846.65673	25651.42295	25752.05426
180	240	25279.3647	34327.54315	46087.0388	58970.0297	57121.30914	53508.61944	65682.75401	47810.74358	47389.10133	39669.83418	41747.6194	44430.70896	40523.45022	48774.67768	55908.2517	43177.91723	42772.77344	33401.247	28679.96666	35085.77309	44808.99122	59423.34749	55364.45787	56208.01161	64905.60244	50005.1843	42239.80568	39278.02808	54971.75706	40830.21968	33683.43907	16549.10368	22365.71302	26150.26566	25395.7235	22498.03208	24652.9494	54580.47474	50634.82591	58807.1156	60773.34794	40886.34357	52658.35219	55202.77523	50122.241	51849.56481	49652.32178	56805.1405	58047.2839	56899.53201	52090.54745	45232.38822	51842.88145	59328.73015	57346.36817	57804.28339	66554.93941	51709.82149	57447.82422	53777.65053	59511.37441	55959.30867	58910.63189	58136.8827	50487.40919	50576.50215	54420.75462	55652.67904	41183.53545	60517.55706	52328.18852	56008.41745	53043.95146	59460.14769	59729.27695	39056.92091	50749.73119	56461.10193	48024.52513	52605.15756	51467.22485	54312.23145	59698.21921	54194.58261	51778.31899	44800.23766	48866.23858	58424.66483	53189.83869	57055.25046	64508.23223	52005.57852	54967.02118	53654.32989	59101.9235	57502.12211	60597.40334	57526.24825	51735.94263	50301.99011	54126.18896	57793.80478	40791.98073	60133.30607	53640.52567	37607.46569	27509.1664	42663.6688	53338.71159	42036.07553	40890.14132	40471.22465	40391.23122	32365.10033	41901.72228	43523.11726	48443.84736	48482.83837	41435.33904	43385.62273	37553.13614	43021.07141	55788.25305	42667.11491	49960.93488	47456.87036	31101.95208	37604.70445	43021.71178	36533.84777	41545.87897	43632.51684	39003.3951	39077.00389	38791.86948	63771.71381	45080.30813	49077.20851	42825.10195	36219.97106	30718.3845	41468.822	50771.65018	40207.4081	39551.96607	41994.97275	41160.20838	32403.7792	44786.465	44505.60827	48536.02765	43195.33688	44128.03468	42306.33916	34631.51684	44352.07905	56287.05707	46391.49409	46682.25932	47148.86471	30850.90164	40016.57155	41869.53951	37002.47439	45019.0511	41646.5777	40410.21863	42843.8622	42497.25684	60731.69356	39952.93834	47253.67487	42133.26336	25409.65482	25955.97732
240	300	24401.63829	34689.37434	44973.50577	56522.42893	55869.42034	50076.79341	63115.26428	47382.32495	45694.93729	39024.51348	40804.58135	42530.51515	42038.8702	47101.69778	53413.21585	42983.54319	44081.13672	32406.38725	28199.06558	36129.957	43837.8376	57191.22585	53310.39117	54949.92773	61618.159	49501.2762	41782.21866	41210.69746	52862.68022	39321.24028	32284.25215	15735.93376	23951.42583	26256.46383	25155.74143	22543.86527	24207.21557	52618.08566	48911.656	54672.05207	58383.69901	38602.48934	51546.9928	52897.40833	48988.72817	49326.4934	48266.29382	52926.93623	54953.92985	54026.46961	50431.5198	45450.75197	50021.79349	55651.46277	52414.72085	54779.75853	62838.43533	48923.70608	55232.31806	50879.0431	56426.59816	53936.0389	55549.88873	54853.41856	47912.00641	48595.56059	52400.74611	53235.20641	40628.39739	57909.40222	51203.20697	53221.19194	51752.92659	54964.786	56662.05531	38808.96389	48668.51083	53773.22846	46329.98223	50247.25386	50083.75691	51772.87258	55989.05024	52405.98647	49656.29611	43998.42434	47533.55709	54916.50223	50781.23161	53706.85656	61000.87333	49588.2146	52796.11719	51431.05473	56253.1006	56338.47175	56671.09249	54154.52614	49585.28348	48587.98519	51181.02932	55051.69958	39341.15249	58132.3946	51961.11746	36828.51259	27302.88466	42084.54598	52261.56915	41856.12234	40095.52868	39449.80427	40261.49009	30816.97669	41341.20399	42132.10589	46052.45758	47206.77329	40819.62239	43135.2509	37666.00745	42364.18371	52764.56189	42598.51537	47405.3564	44681.83299	31223.34412	36797.86093	41049.43626	35414.20001	40053.91069	42368.63771	37461.29364	38263.84029	37901.49999	61854.37971	46692.22105	47103.18915	42784.39971	35385.29956	31202.42567	39687.97235	48879.11051	39556.08116	39187.97133	41339.98219	41495.28237	33167.95963	43774.74316	43704.64085	46592.68698	42391.23617	44056.38229	41894.61648	33447.52831	42654.22648	54312.85196	45551.28576	44152.11743	44979.14153	30512.07856	38686.91686	40654.39005	36865.63789	42408.07687	40421.00499	39510.82169	41974.73012	40818.53239	58885.70084	39537.87265	46509.34198	41324.2782	25776.76927	26221.7303
300	360	23635.70987	35175.18119	43124.72927	52843.32811	53316.1602	47950.39172	60862.01838	46718.65112	44085.75477	35958.37388	39724.74956	41799.67741	40129.93917	43008.99638	53289.78396	40298.03152	45786.45312	29559.88819	26375.649	35500.45792	42115.3208	53325.74101	51890.7285	52008.84914	59270.16605	48336.97272	40482.1291	40992.24579	52364.02848	39024.42711	30862.98083	16233.04273	21254.17444	24601.80769	24641.52513	23127.12406	23917.7783	51579.52514	45075.52099	51026.61907	54724.67321	36973.23373	49190.41858	49904.46571	46599.21861	45556.61198	45127.69756	49674.91844	52102.56244	50381.77524	47564.73821	42428.13241	46139.04727	51745.46987	49422.5471	50775.48222	56075.87357	46012.71322	49554.18493	47687.02518	52571.48464	51797.15419	52301.40102	50843.13734	45295.14485	46137.4654	49660.36933	50059.47835	39851.95377	54018.82024	48499.59204	50972.41582	48000.72313	51489.15919	53621.60891	35714.84705	46835.51037	50695.0135	45100.80272	46723.71604	47008.16579	48244.38875	53169.24411	49492.78694	47272.79336	41405.20267	45292.29509	51258.00164	48121.27286	49232.32157	55448.22709	46488.55948	48730.42801	47874.69988	52631.97074	52887.26653	52463.87464	50709.90847	46442.8003	46487.27716	48228.57988	51798.89039	38147.42244	56199.83654	48727.05608	36322.03157	27251.9839	40014.50109	48259.60308	39927.37273	39301.07761	38215.55034	38979.62212	29569.86356	39542.96126	40621.13392	44776.06658	44412.02244	38980.27652	41810.72106	35816.6264	40425.69246	50187.06911	41149.20349	43581.94873	42924.30942	29564.9264	35795.1905	39219.6557	35103.78396	38975.44923	40019.60237	36506.29255	36856.7747	37120.02054	59035.64091	43209.38817	44111.78404	40754.36708	34878.84005	29831.02936	37607.07121	46362.57087	38745.74916	37939.13871	39706.59532	40363.59966	31073.40942	41425.03735	41956.40453	43488.19302	40123.41509	41565.1416	40731.47849	33373.37979	40487.04895	51452.65229	42462.4854	40657.10546	42310.97565	29454.70035	36728.48361	38959.90561	35434.62686	40690.41409	38491.21029	38010.22298	40581.32825	39186.09653	56537.47339	38224.54296	45844.00194	39440.43485	25372.03882	25580.91267
360	480	21356.11205	32792.57661	39938.03942	47433.79562	50158.32598	43189.23557	54755.81473	44389.32941	40126.66397	32604.23496	37039.19866	38798.0995	38619.02182	38851.377	49087.68706	38557.35739	42892.2793	27113.77788	23984.68566	31621.13656	39334.51636	47602.30983	48481.13168	45761.93833	54501.94046	45037.76224	37673.32476	38530.77883	46022.94444	37671.6939	27331.66039	14650.58921	21433.38469	21828.58653	23067.66738	20060.94957	23428.52384	45283.38292	42405.67254	45157.7592	48515.4619	36470.38966	44890.65034	44346.48845	42824.31248	40868.08142	40743.10676	45557.27489	46392.3733	45362.27149	43489.49626	40358.08752	40946.31234	45601.48447	44508.01697	44871.23208	50311.46318	41169.97517	45242.31211	42783.7913	46234.28702	46157.50938	46399.0321	45101.41772	40993.35101	42168.96586	43806.63508	45133.36373	37696.2711	48471.56266	44155.06283	45176.21099	43414.69342	45297.036	47952.51905	35151.12556	43277.88363	44889.35845	41294.39757	42922.85088	42569.70917	43851.10271	47736.22802	44924.32757	43344.28661	39335.30335	39937.47741	45090.2731	43557.55953	44267.21643	49248.75423	41403.20114	44530.4297	42876.35331	46590.6191	46980.06004	46434.65929	44619.50119	41772.27634	42629.64371	42546.47739	46290.90075	36768.9661	49290.38813	45292.41566	33873.28793	25998.46329	36953.41741	43526.17021	39449.85581	36559.43731	35667.86755	36190.60886	28287.23558	36193.64677	38572.09666	39720.57685	41354.61818	36891.41267	39985.65547	32240.57261	36813.10225	46120.14345	37470.72024	39038.65249	39101.9491	28341.80492	33642.79151	35780.71837	33025.2032	36309.60943	36973.26375	34231.18679	34490.5873	34377.00295	53570.1016	41301.035	41237.74282	38633.06963	32198.77627	28241.9807	35010.10354	42347.95205	38240.50499	35306.81118	36387.7389	37276.49112	30250.62117	38585.68503	38224.52527	40059.64228	38025.58876	38880.7445	37697.85388	30545.10803	36511.92841	46630.07347	38908.86059	37845.98243	38538.58199	28318.00561	34455.691	35791.3568	33321.40782	37725.74465	35562.96335	35281.02901	37693.9287	35552.95708	51490.54089	36820.85182	41274.47039	37832.09058	24755.051	25090.14443
480	600	18603.49338	28783.22652	36307.73099	40212.33203	44536.91663	36350.45988	47965.21676	41347.64104	37258.80684	28949.91894	33739.3202	34553.259	34871.97957	32609.69293	42819.40736	36763.97062	39517.76172	22243.33882	20370.51208	28630.91375	36043.2496	40849.43295	43743.44072	39298.68249	47495.96448	41726.92542	34135.68813	34744.77752	42652.33855	33889.08233	23293.97685	13468.08371	21468.97984	19274.57724	21721.04955	19464.3011	22652.3883	39609.38497	36997.20194	38124.79239	41464.54801	33251.32654	40010.53876	37804.71448	37755.78564	35901.76847	35565.49151	40122.16983	39976.99395	39575.3137	37801.13079	35322.14543	35738.84791	39226.97372	39593.12473	38225.42996	41543.94935	35357.37326	39917.25768	37014.85951	39248.24726	40218.91351	39619.40192	38726.28509	35063.74202	37350.76538	37673.71212	37598.76362	34731.59378	41517.78713	39393.06873	39896.03915	38533.26712	38216.92909	41510.03546	31399.51744	38683.79752	38752.32064	36817.96497	37665.37385	37169.02204	38625.6259	41228.88754	39588.4426	38389.627	34419.6912	34650.90768	38394.57316	38314.18723	37390.73358	40721.90536	35647.21236	39486.27647	36775.32168	39784.0923	41147.68498	40318.89597	38512.75669	36033.66418	37479.74	36321.57162	40027.05729	33013.81647	41668.66561	39940.91892	30905.49287	24796.79725	33121.09319	38060.62768	36186.62318	32862.28204	31967.45027	33105.36234	26309.68635	32696.45735	35365.38137	34813.02281	36099.33189	33655.08414	35588.23927	29394.76131	33549.57737	41295.68642	33626.71387	34206.08781	34625.93498	26209.92133	30731.48524	31590.93704	29541.0138	33380.43907	33514.852	30898.44589	32233.9539	31002.96574	44275.18451	38363.47933	36506.88776	35560.50766	29902.93182	27154.44781	32140.79051	37242.87303	34026.0409	33034.15674	32791.49818	33845.44701	28171.94136	34770.87867	35082.69391	34963.79061	34310.40876	35229.31697	34413.86415	27980.06719	33033.0586	40348.18639	34466.571	32843.85338	33962.59213	26691.02802	31154.38048	32218.21105	31499.00249	34378.20928	32654.17963	32021.43952	34289.25787	32047.36342	44224.28897	32880.20618	36656.97958	34254.66861	23638.43605	23952.2225
600	900	16375.35471	25179.05772	31103.02243	31281.7875	36925.93164	29270.90965	39004.55142	37108.11129	30518.81075	23727.77571	29396.14018	29280.94472	31386.773	25653.1624	34148.99716	32133.5134	36327.51562	19318.72253	17272.33242	25337.32862	30857.8909	31907.85101	36705.19756	30946.59652	38540.43775	36654.45503	29031.02219	31213.51523	34148.14237	30566.57828	19710.22992	12069.49596	21255.17356	18878.75874	20270.12229	19202.12831	21118.19252	32975.41444	30693.71919	30808.01314	33166.85262	28016.12933	33153.33895	30559.72524	31416.59405	29999.35538	28667.153	32699.39269	32891.50831	32429.0903	31279.70661	30127.36158	28397.77094	31382.19044	31444.94877	30306.08238	33079.8298	28134.74144	31930.48025	29891.31028	31447.66083	32835.69798	31869.6793	31282.66674	28599.39812	30863.92421	30269.26054	30521.85262	30490.30205	33751.86389	33067.83935	32311.28218	31555.83774	29959.49561	33140.44316	28015.32475	32377.71632	31015.1351	30810.84354	30832.21591	30446.30995	31451.55977	33544.96387	31885.2052	31301.29894	29380.14189	27973.23065	30857.93985	31011.91539	29994.61474	32459.90776	28518.66112	32094.40955	29714.98264	31984.99973	32919.57867	32029.20696	30705.70395	28850.79143	30916.90035	29301.28918	31522.10035	29573.58402	34644.45085	33532.74534	27813.79678	23774.41622	29208.91777	31380.66313	31605.5194	28620.77657	28151.58282	28737.55411	24060.23192	27828.57494	30304.85319	29477.17231	31443.98691	29389.12186	30846.8898	25701.34268	29302.69386	33939.37547	29211.37617	28084.77536	28804.60794	24142.60774	27304.02246	27356.69514	26824.27278	29475.59799	29378.11208	27250.4742	28141.41157	27296.17993	36593.71581	33327.32808	31489.75136	31121.22413	26878.62046	24965.10367	28117.17128	31428.89533	30197.42346	28288.90371	28267.40106	29170.96882	25306.40327	29761.55666	30149.44378	29615.05993	29744.93362	30110.23151	29677.74263	25203.81639	29091.96387	34117.76492	29629.74963	28117.40092	28466.79305	24620.29546	27166.91334	27808.61984	27514.8666	29839.38037	28690.3573	27648.71942	29727.75921	27780.42874	36364.7159	31023.26728	31968.50735	30101.86624	22392.7778	22472.19725
900	1200	14449.86098	21714.15906	26447.80721	23604.68626	29455.39056	22538.40579	30666.29778	31082.35642	25124.97738	18958.57794	24830.10698	24306.34985	26473.41277	20333.33731	27382.14558	27706.98949	29461.40527	16943.07352	14901.87677	22238.54628	26453.23703	23961.4804	28849.75267	23302.78771	30515.30244	30833.17622	24204.87611	25908.7362	26958.08281	26539.81076	17080.50374	11659.64251	20429.99294	17530.82239	18826.78214	17309.33241	19922.30949	26823.3844	25186.28341	24813.02936	26322.33888	24052.15982	27093.32269	24606.57269	26188.90761	24492.19649	23148.32691	27259.51832	26203.8644	26233.64857	25595.0612	24564.17837	23185.16926	25271.48003	26166.02187	24750.28809	26353.72022	22511.69523	25829.62068	23942.74034	25388.44762	26603.31234	26025.59604	25020.57738	23034.26146	25266.27339	24636.05969	24946.99341	25238.40794	26492.17311	27552.85626	26856.5208	25511.9296	24006.19395	26597.9106	23864.90324	26842.17228	24871.3313	25524.55788	25510.85258	24126.2465	26011.65253	26861.69877	26217.4389	25104.15951	24500.15632	22765.83383	24870.42993	26292.14841	24531.59861	26376.23316	22903.87876	26024.00225	23909.3345	25786.68138	27206.87424	25896.6095	24669.90467	22901.34049	25214.86793	23337.30131	25670.27948	25224.39058	27963.28638	27381.81925	24686.81764	22523.66971	25638.47624	26006.34014	27254.8142	24788.00842	24508.77374	25502.33515	22156.08306	23930.15216	26528.97689	24442.25285	26435.38402	25704.80621	25703.64971	22599.4161	25827.27704	28470.3248	25482.35905	23505.6178	24019.78548	22124.76647	24106.87577	23669.14745	23848.1807	26377.24141	25757.38627	23688.37364	25003.50393	24206.34884	29794.16312	28402.07001	26196.57765	27142.78617	24318.15975	22967.82243	25206.87252	26168.76584	26294.35565	24591.15179	24795.13263	25622.36356	22712.99278	25300.40806	26254.38519	25005.70162	25690.89644	26008.23262	25513.2237	22249.01783	24992.27865	28903.09467	26139.93491	24313.80129	24112.78274	22439.85403	24080.0851	24314.94697	24550.6518	26849.41502	25502.44162	24026.7354	25944.65797	24248.64339	29655.96685	26760.55585	26909.77862	26496.04265	21237.21761	21252.56001
1200	1500	13010.66843	20616.84729	23467.84476	19375.32616	24902.45712	18604.2733	25616.54669	27524.87391	20558.30405	16081.88045	21942.50112	21439.60334	23180.19563	16692.96404	22538.61084	24404.75306	24797.91309	15893.42917	13601.49136	19661.96802	23690.14256	19804.14666	24316.39565	19318.55796	25141.27644	26813.52648	20317.68839	22314.87125	22601.54179	23819.84263	15215.72555	10828.77217	20078.75105	17377.10688	17633.2404	16968.05045	19466.51303	23879.29427	22053.4881	21806.44169	23389.13359	20992.69914	23842.30331	21654.76812	22792.06329	22183.67416	20461.29702	23817.29264	23118.47118	23010.87953	22302.83407	21571.83133	19750.677	22270.67663	22775.92466	21639.7943	23263.66803	19811.47521	22796.17865	21120.5091	22204.60852	22277.84775	22975.67041	22038.19593	20188.626	22132.6975	21403.6077	22281.14357	22117.10393	23897.84917	23787.71399	23454.77778	22155.17442	21144.28805	23881.09981	20410.4592	23799.89603	21935.12831	22797.65902	22736.24475	21436.41757	23090.73079	23617.86457	22821.18144	22285.99617	21671.613	19549.93101	21869.63187	23858.6844	22048.38224	24037.75957	20174.11304	22838.37155	21090.0686	23008.4711	22806.54408	22975.21166	21602.74531	20368.69818	21991.89181	20699.69258	23257.23424	21871.31454	24103.26119	23897.56643	22932.07627	21655.1095	24228.7065	23283.753	24009.56682	22945.85946	22722.88398	23284.62797	21022.29346	22042.0146	24572.89251	22178.8515	24154.36604	23624.52542	22920.63721	20479.34408	23792.06378	25533.44249	23559.23019	21563.58691	21661.59699	20858.72035	22489.96939	21942.5713	21872.56059	24624.16889	23993.72286	21759.94703	22931.87287	22421.79372	27576.37414	25368.31583	24150.93318	24512.969	22263.48929	21681.99678	23209.16465	24230.95164	22691.6168	22820.13785	22760.40382	23514.43546	21680.7385	23168.67559	24018.93451	22812.10181	23500.63336	23697.67744	22589.45073	20806.62533	22911.58285	26899.7876	24161.61853	22515.40875	21714.49336	21608.6804	22222.82805	22584.67319	22531.75509	24749.43252	23732.69816	22234.72102	23352.74956	22010.61434	27401.60442	24279.66758	23930.82235	23980.71482	20374.63365	20332.6141
1500	1800	12749.59978	18775.17574	21403.11961	17081.1455	21472.57462	17164.65259	22971.89493	24838.97775	18224.77765	15281.5618	19771.22571	19090.35678	19950.66227	14676.63698	20290.56804	22328.34978	22908.54492	14810.06951	13081.51241	18976.59107	21641.20901	17512.17214	21305.21387	17208.11223	22353.32492	24195.71193	18623.94884	19583.41094	19155.65481	21590.62336	14350.67285	10251.64664	19981.86012	16586.9399	17133.79856	16621.52216	18934.96994	21646.31853	20679.39466	19846.78855	21725.2843	18880.5379	22254.76861	19811.02477	21347.14926	20912.30993	18907.35777	22142.67513	21625.42964	21292.94069	20309.92176	19371.71299	18505.90007	20523.78881	20610.4262	20013.16366	22167.82079	18010.20883	21152.72029	19025.3308	20614.56886	20760.77589	21152.96463	20170.31559	18392.08457	20136.22374	19610.56154	20861.95966	20243.59448	21645.57572	22197.21486	21912.83228	20675.1127	19666.6325	21561.96846	18646.85033	22153.68206	20185.06954	21304.14288	21115.02583	19753.83609	21347.33539	22343.03036	21207.00399	20413.95436	19607.45929	18171.71551	20530.67517	21281.32976	20565.77993	22365.98627	18404.26057	21079.85689	19470.42802	21231.97057	20802.17845	21355.08409	19843.4107	18419.72704	20144.43229	19149.15545	21335.57894	19269.41826	22315.21773	21947.50533	21395.72699	20896.23963	22807.55184	22103.6858	21984.0889	21527.94839	21513.47099	22003.17966	20736.51331	20747.94773	23155.41566	20933.19846	22735.57891	22133.20018	20141.69515	19857.75814	22880.59105	23755.43709	22605.48397	20865.18533	20137.62486	20579.52428	21152.41934	20875.10561	20717.58791	23608.05529	22713.43568	20648.55548	21636.83464	21357.56214	25971.48909	23098.67615	22500.43303	23006.53574	21259.31249	20924.1606	21819.53067	22278.80383	21051.38262	21304.28611	21372.05892	22036.82515	21173.0473	21608.54422	22794.60054	21685.40689	21934.40985	21929.03701	19617.94925	20132.22977	22107.95665	25042.5867	22822.40954	21550.23892	20033.30723	20564.3076	20967.56227	21428.09542	21284.57362	23462.70322	22434.69216	20832.89791	21752.7575	21079.03142	25442.15519	22379.84827	22737.14542	22514.85068	19913.81909	19946.85227
1800	2100	12070.76038	16538.25102	19749.05804	15534.51971	19259.57262	15461.98946	21235.24048	23071.81468	15114.16012	13745.01825	17815.16745	17156.10223	17614.05559	13105.82216	17955.28953	20765.16767	20032.22559	13353.31006	12572.7132	17062.4973	19661.36529	15682.26443	18962.60353	15690.10052	20434.51936	22399.86537	16715.92802	17692.21603	16937.41179	19559.28245	13761.5954	9328.32636	20063.77248	15510.14335	16992.81569	15668.04175	18023.12824	20438.92889	19341.15624	18526.43421	20262.45494	17785.5701	20871.80196	18411.9912	19898.98993	19440.38416	17566.28385	21069.33048	20342.11218	20308.06485	18638.29719	18722.72888	17145.90124	19090.096	19482.03535	18608.47837	20886.39859	16814.59099	19535.15261	17607.96668	19342.3968	19409.35871	19494.853	18870.86372	17260.45141	18785.15408	18324.04982	18909.43779	18946.86533	20594.72738	20248.75245	19965.64007	19286.17676	18467.37817	20445.56524	16192.2041	20456.33099	18854.73438	20080.14143	19854.10054	18479.05582	20198.31924	20718.67504	19204.05829	19361.9661	18836.53379	16742.12938	19185.60634	19835.56396	19380.41834	21118.12997	17302.92339	19282.81946	18004.64148	19591.84912	19604.27209	20088.97827	18593.04415	16853.63259	18781.64983	17942.85552	19104.00352	18206.5105	20532.7544	20471.93215	20703.72075	19669.7985	21754.10828	20441.059	19600.70618	20334.40707	20513.74195	20864.71542	19394.18697	19472.75115	22332.90265	19733.06691	21784.3977	20786.89876	18757.78565	18682.22152	21753.5064	22220.00188	21547.81748	19672.36681	18951.42476	19549.22202	20173.7266	19875.39171	19476.50907	22395.93144	21584.20684	19441.34834	20602.28206	20127.84513	24082.66415	21289.84094	21421.98768	21195.56768	20248.00386	20075.55379	21333.19424	21365.12638	19184.85961	20286.76348	20204.98913	20896.63419	20151.12323	20463.61003	21745.81099	20190.34795	20208.18438	20753.77876	18553.15584	19100.12901	21014.90205	22669.82481	21843.29013	20552.90942	18896.691	19804.3062	19909.55041	20156.41681	20092.41532	22380.77485	21432.91414	19546.92782	20590.7013	20131.67263	23226.43876	20931.70517	21064.97091	21091.8422	19268.97281	19144.20432
2100	2400	11772.35513	16133.6961	17812.00262	14003.11984	17474.62367	15109.22533	18776.71317	20355.37218	13947.8268	12485.3229	16385.70692	15932.59625	16085.4891	12663.7648	16500.52895	18590.36829	19255.03711	13021.33503	11703.28799	15680.28654	18046.07308	14220.16688	16691.13353	14490.64373	18875.25437	20449.90972	15833.96928	16164.7303	15545.55163	17401.53111	12409.88296	8660.14043	19357.70672	16324.21001	16181.8939	15286.17207	17352.89849	18983.87113	18045.27053	16925.32377	18645.01651	16933.82934	19742.50482	16882.47646	18863.38313	18578.41272	16509.66342	19487.22358	19014.12884	18627.67501	17678.53366	17612.02573	15856.32683	18025.85343	18174.22107	17273.52546	19287.19291	15388.15265	18388.25664	16310.64852	18083.26446	18024.3607	18189.20303	17605.91815	16013.79345	17554.92364	17001.05917	18727.36332	18089.359	19307.98978	19338.36574	18913.73461	17546.97129	16622.30633	18417.2246	15918.20597	19346.60111	17895.29487	18796.54592	18920.55108	17371.19338	19077.47282	19791.99224	18018.22789	18084.27555	16998.09402	15146.5973	18129.438	19384.26989	18116.06842	19806.0423	15909.85723	18416.67261	16779.9949	18384.03674	18368.51081	18770.47478	16980.71928	15950.04452	17712.73141	16751.3275	18089.86104	16353.82434	19585.38201	18976.64063	19626.80988	19660.35237	20514.52751	19191.06256	19032.04589	19483.06332	18998.79617	19973.92503	18717.67718	18594.32254	21212.25365	18524.73838	20265.4974	19935.54747	17333.15419	17945.47729	20821.73018	21259.55405	20385.1402	19026.55391	17595.35118	19291.65418	19106.49226	18782.45833	18740.92553	21391.83927	20477.55413	18264.78642	19753.3292	19079.48396	23554.36458	20014.37906	20892.5541	20390.30936	19113.20024	19131.06931	19575.05124	19395.56144	18435.88466	19110.15682	19307.41824	19988.13696	19732.47042	19215.0373	20486.51936	19380.66759	19279.13033	19925.55826	17408.20979	17631.09284	19810.25724	21939.86896	20546.79027	19713.35763	17396.11412	19102.3834	18919.12624	19407.62453	19309.36865	21413.46279	20176.58466	18621.50657	19610.31563	18655.5883	22531.56303	19785.14651	19684.60425	20035.96095	18510.0644	18428.63172
2400	2700	10983.0767	15032.83998	16438.64132	12924.54192	15616.64483	13301.52188	17494.57578	18772.66747	13505.52062	12073.11518	14815.89793	14851.89177	15481.16216	11339.60174	14699.30197	16904.20135	17633.98242	11996.62621	11532.97634	14322.3887	16534.13018	12957.58205	15210.64506	12947.78836	16746.17138	18309.80123	13965.81527	14557.10224	14015.71129	16386.76088	11851.18401	8344.27279	18010.24134	14820.32068	14969.34222	14916.63227	16702.19641	18107.42279	16510.77303	15912.6927	17879.60721	15471.42225	18252.31655	15980.28612	17889.07782	17162.11513	15539.86198	18814.28538	18094.4183	17648.99744	16782.90108	16718.70532	14773.57824	16865.02788	17419.29962	16330.96375	18580.96857	14798.18082	17220.62247	15163.66144	17037.48158	16914.66356	17242.20615	16388.20596	14989.55184	16629.0534	16187.87384	16811.48227	16788.575	18647.37303	18007.88905	18208.19004	16727.5618	15895.61518	17311.42393	14577.11116	18313.85647	16803.53282	17709.0049	17863.35602	16412.50479	17946.34022	18570.83603	17106.54528	17086.93541	15962.43483	14444.83771	16859.88231	18249.34467	17166.77428	19011.94145	15041.73421	17578.96979	15760.63524	17296.45109	16648.73666	17797.23466	15969.57453	14944.19067	16642.67879	15900.24987	16943.16468	15292.56514	18581.53123	18034.87294	18556.44534	17896.79165	19227.6359	18215.00364	17609.90385	17971.27035	18047.14476	19232.85027	17696.94501	17549.29163	20232.83973	17714.30285	19642.45011	18997.33752	15993.7596	16863.69964	19570.25302	19684.00794	19361.36958	17664.22822	16579.04519	18123.68553	17973.04682	17887.85305	18331.71156	20288.50105	19437.1453	17259.77749	18578.1051	18366.07439	21181.48971	18477.75968	19209.5624	18962.43252	18544.19312	18203.73565	18976.31962	18537.63915	16880.41912	17930.15171	18439.59953	18651.41992	18588.25095	18297.4192	19140.10927	18306.57065	18645.09828	18941.91823	15509.15499	17010.66014	18844.58569	21009.03003	19611.30806	18919.541	16368.29466	17927.93447	18011.47101	18412.00653	18005.59624	20170.07029	19071.91488	17739.87975	18773.10037	17771.25928	20855.56306	17185.59551	19015.53459	18676.81451	17607.11687	17442.77112
2700	3000	10585.34567	14149.79874	15089.81072	11774.20839	13856.55993	12487.76774	16328.39493	17192.50389	10966.26098	10292.00292	13737.86294	13943.40085	14282.31683	10222.7698	13778.85355	15429.07845	16316.33105	11154.46067	10598.26941	14355.91819	15114.68812	12059.07067	13767.2808	12070.90838	15550.19645	17420.12795	13234.92036	13030.00853	12238.65789	14630.95302	11076.36791	8199.71683	16810.45684	14473.37538	14186.97568	13978.49442	15585.9481	17217.45467	15384.01105	14940.39053	16367.16891	14111.87015	17645.94406	15291.98742	16714.48462	16895.5349	14622.72974	17189.90141	17222.4619	16778.38611	15703.85377	15851.79926	14098.28849	15592.8667	15843.44568	15479.68648	18009.95176	13770.85328	16786.94159	14239.53184	16639.32934	16119.76185	16118.94236	15422.22815	14322.8758	15647.30067	15107.80183	16423.77284	15425.1666	16988.80936	16781.35703	16789.13754	15857.48127	15205.3306	16450.20007	13575.22121	17051.21253	15756.43937	16907.51417	16674.97382	15491.89204	16905.08139	17542.20596	16030.93652	16251.94378	15242.42338	13252.98397	16042.14109	16999.94818	16154.51737	17846.1215	14318.3209	15598.97467	14875.20389	16378.69059	15931.78482	16656.56424	14937.44232	14053.34797	15624.8222	15150.63004	16013.48676	14331.65703	16749.26686	17213.76016	17737.78492	16763.54685	18408.00185	17013.40475	16874.50206	17190.10476	17507.05498	17944.06798	17221.08097	16683.484	18668.78596	16958.36962	18387.16972	17943.50585	15249.65259	16107.72757	18102.73404	18853.22464	18961.93078	17230.64545	15731.01424	16909.37113	17033.86373	17331.44697	16568.28831	19295.54871	18583.77931	16617.84196	17716.70758	17102.46404	20063.4006	18423.41714	18086.68868	17866.75	17136.39208	17686.41047	17798.68571	17341.75946	15196.95503	17066.8415	17032.051	17878.22171	17124.41135	17321.22935	18310.48485	17286.86569	17076.92566	17643.77925	14855.64161	16166.84728	17777.95866	20253.62208	18337.34618	17404.96719	15802.12083	16992.16745	16902.30345	17287.72228	17101.59481	19030.0843	17921.27265	16636.63241	17350.86123	16956.64512	19999.0977	16769.55366	17707.36079	17636.11947	16985.13987	16861.34719
3000	3300	9896.31515	14713.73626	14023.69899	10670.82581	12701.30634	11367.39079	15145.62602	14678.82209	11243.9807	9866.25643	12629.15864	13025.89812	12590.822	9948.05688	10626.14253	14311.49036	15139.3501	11002.30514	10133.44073	13552.59122	13893.13762	10975.42717	12384.09286	10693.03624	14668.75851	15630.78888	12100.74787	12803.04458	11337.2979	13772.08171	10653.28179	8883.48569	15999.04521	13520.4209	13437.54368	12715.78228	15852.48601	15875.72774	14631.00567	13920.75793	15684.46077	13966.69351	17121.10172	14428.87304	15940.87757	15421.97027	14123.11859	16586.35772	16684.22931	15509.46333	14728.42668	14870.49849	13420.87729	14916.76336	15004.80738	14488.84268	16914.6153	13081.51976	15176.56031	13529.2913	15276.32805	14622.76241	15318.0578	14349.44865	13634.68933	14588.5781	14405.97477	14794.04491	14415.43924	16147.27195	15918.64748	16395.48999	14334.66101	14003.02567	15588.69778	12966.75943	16735.33818	15032.91406	16141.71666	15594.56069	14733.93854	16208.11964	16617.85596	15032.19943	15206.60664	14316.35014	12254.7992	15008.18083	16411.18258	15093.8741	17185.51634	13501.77203	14927.87456	14054.52511	15302.83347	14711.83343	15795.59474	14079.96554	13391.58222	14800.79856	14198.68737	15521.63206	14028.33171	16461.73592	16083.94361	16793.31934	16394.50226	17073.65524	16130.83358	15786.54519	17012.51218	16318.03636	17394.87616	15741.48903	16098.43241	17967.43784	16355.93957	16947.83443	16934.84184	13725.54792	15572.16515	17335.8261	17976.99124	17498.56387	16393.84915	14997.33515	16019.40471	16281.61003	16306.06193	15228.82046	18385.5601	17306.40702	15951.76902	16915.14889	16522.60812	18251.74619	16993.50667	17125.58607	16867.7146	16699.94259	16086.95493	16719.50452	16298.72536	14092.67596	16819.05773	16306.89355	17254.74674	16022.09624	16602.38172	17102.6394	16538.77361	16335.32448	16759.93978	13528.17742	14784.54968	16788.1697	18162.78054	17232.55555	16773.80777	14899.56375	16162.85007	15986.06259	16350.36023	16194.13677	18108.77038	17210.54443	15789.89557	16623.69662	16065.8088	19099.392	16451.91427	17156.08685	16743.53847	15948.74634	15880.15282
3300	3600	9689.07794	13266.90432	12586.55191	10091.74307	11737.22272	10590.3291	13538.72395	14155.75324	9933.17447	8863.01657	11452.76394	11370.08924	10406.30476	9313.91391	10132.14161	13267.65066	12611.19482	9729.90659	9854.12165	11531.64001	12785.23722	10474.19776	11393.15903	10556.93088	13477.45989	13742.10091	11213.64447	10966.58805	11159.94742	12466.14338	9628.55773	7239.05066	15711.0961	13465.24124	12487.29969	12143.16016	14220.89919	15761.11526	14200.82212	13016.14178	15124.44538	12846.21237	16123.85104	13797.54287	15461.38797	14881.95264	13226.64188	15808.99128	15318.16324	15024.12706	14489.16282	13534.97092	12733.03127	14236.66353	14022.74374	13944.59621	16397.45834	12495.63734	14950.70938	12856.67288	14375.19272	14282.4851	14347.05635	14003.79366	12959.96086	14034.92161	13621.34976	14230.3782	14180.50126	15430.36966	15313.41238	15467.96672	14056.96419	13241.63452	14705.50205	12128.68057	16058.77508	14318.53895	15440.75826	15257.34361	14013.75892	15085.99573	16342.85446	14588.07503	14734.08285	14221.20524	11634.59904	14934.25786	15740.08742	14801.16674	16144.84121	12908.47953	14282.95336	13310.65451	14878.39746	14192.40322	15020.33256	13279.63649	12920.95036	14089.90645	13810.67039	14587.11449	12985.94806	15272.87331	15096.77296	16159.06054	15717.5496	15938.25191	15989.84512	14310.18105	15995.78958	15580.45264	16501.74076	15560.01036	15160.80106	17067.52287	14755.13803	16630.45072	16304.40411	12264.37454	14699.60329	16306.95445	16879.81036	16528.63752	16066.23642	14071.99835	15235.39199	15264.49503	15264.75413	14925.02658	17134.42301	16524.57539	14701.08948	15986.37846	15320.16583	17211.5015	15390.92968	15853.11425	15936.81977	15850.26578	15762.48801	15973.98593	15779.43054	13790.46125	15680.88455	15472.35742	16384.87341	15750.85241	15683.74275	15928.70386	15819.65105	15555.3652	16047.87446	12720.98146	14221.96779	16268.57947	17924.84873	16821.55062	16187.5974	14179.93579	15354.24823	15209.20641	15742.75933	15572.80104	17261.19433	16109.4387	15116.8221	15752.93265	15716.05947	17422.6919	14635.02344	16169.31681	15790.25405	15182.68606	15035.97141
3600	3900	9231.16281	13710.12705	11661.43032	9536.59987	11196.03217	10429.75258	13103.54277	12844.17178	9312.16927	8851.08124	10957.57931	11336.94993	10836.09239	8591.68386	10584.43763	12092.11416	11930.53223	9204.54319	9479.67744	12259.66104	12098.44611	9766.01897	10787.20292	9658.11308	13150.43314	12857.07382	10579.77092	10492.16478	11255.69699	11466.35487	9845.10371	6871.07993	14993.40642	12440.19336	12532.48612	12440.08729	14264.30915	14811.76662	13430.49287	12532.18134	14478.70582	12898.94442	15566.00324	13107.71796	14568.77892	14728.15448	12784.50362	15053.77376	15080.80633	14966.5398	13521.65686	13875.04532	11851.14324	13955.83226	14097.6438	13503.05599	15809.59767	12154.07264	14321.16186	12267.89944	13752.76523	13765.1977	14207.69642	13217.97513	12368.69361	13643.7816	13473.2016	14587.50588	13420.16595	14928.99229	14733.79188	15457.07174	13571.09095	12931.78971	14708.537	11789.13008	15219.17504	13727.31877	14734.89228	14718.74597	13629.44848	14942.01513	15428.74302	14219.90601	14364.74302	12714.6792	11772.1262	14163.42121	14450.73879	14419.00314	16083.98807	12575.14998	13859.03246	12938.4316	13868.76998	13962.15833	14584.3229	12969.39106	12414.80665	13612.72639	13416.6504	14299.44312	12908.06297	15087.24682	14781.94708	15183.18134	15062.91404	15380.49089	15183.74787	13778.14707	15011.2729	14867.68394	15852.97718	15061.4787	14395.61905	16056.04848	14540.97617	15999.0709	15442.13305	11832.0183	14014.77158	16065.778	16653.56633	15512.19325	15022.19261	13453.19937	14598.3915	14605.26909	14655.30552	14371.73375	16762.53547	15734.74024	14345.23313	15269.04333	15369.12615	17122.16351	14720.61685	15507.50405	15077.96494	15507.31499	14663.64808	15086.76754	15859.16095	12958.6658	15299.75537	14726.60067	15340.66701	15584.2089	15183.99588	15728.48272	15158.06127	15121.40964	15410.77354	11941.75355	14127.97668	15466.29865	16652.29976	16273.60044	15887.14832	13668.6518	15291.30695	14458.85699	14959.31387	15071.89992	16632.21903	15581.39141	14383.25405	15102.83728	15360.99213	17701.97774	14681.56414	15416.28126	15361.92109	14500.93727	14483.30844
3900	4200	8847.78659	11925.43767	11113.9581	9067.67858	10812.56021	9575.24072	12761.12086	13583.97244	8962.82496	7892.70689	9797.28351	10875.40592	10118.3394	8217.19086	10796.13932	11400.52398	12488.35645	8852.21209	9068.07506	11494.96341	11480.16609	9112.8699	10016.09769	9849.01931	12703.18443	11837.74285	10267.90781	10146.40059	9618.289	11141.69288	8636.66946	5614.49895	13950.54446	11577.60995	11332.87374	12329.3894	13652.78909	14542.51342	12940.27238	12415.05432	14443.64684	11944.40962	14919.88927	12864.29274	14389.42542	14371.0146	12628.70048	14859.88891	14983.94946	13950.02196	13215.03591	12982.94982	11718.57043	13374.83185	13411.26851	13027.44364	14740.55827	11707.64075	13447.71609	12174.46617	13527.51437	13360.1738	13580.80811	12759.84391	12102.43029	13281.13096	12889.91425	14344.28373	12530.33356	14335.57945	13820.27894	14595.23442	13223.79232	12230.7968	13684.67388	10589.0038	14829.52199	13363.84664	14285.52765	14178.72944	13082.50456	14259.72438	14963.40988	13735.17571	13699.49357	11701.08983	11081.4634	13591.40173	13919.66502	13394.3069	14269.31914	12070.11842	13786.713	12421.21082	14040.089	13705.33634	13960.70923	12560.55451	12060.3996	13192.77203	12777.74325	13304.36831	11739.12063	14076.99692	14146.14616	14815.47996	15108.65303	15062.61324	14818.97091	13542.7746	14843.61751	14262.94672	15268.54818	13959.49228	14139.15747	15570.48426	14325.108	14886.7504	15052.1852	11918.77937	13654.77405	15476.5469	15691.91043	15357.52285	14139.71021	13107.80284	13971.39688	14072.68993	14364.29206	13645.6077	15846.40137	15265.99368	13580.34563	14657.592	14420.12131	16412.09109	14763.76996	15292.61929	14905.08257	14339.91829	14624.4656	14617.31314	14490.57468	11190.58839	14125.48597	14555.6826	14944.00979	14281.98574	14166.42682	14846.88452	15014.31114	14425.87269	14843.47158	10319.23296	12969.16942	14995.16999	15842.51635	15350.52769	14375.13615	12947.89006	14173.82887	13961.91297	14562.17496	14497.13796	15514.97352	15179.09001	13766.86494	14499.01891	14396.31363	15984.45492	13185.90289	14022.3267	14455.56181	13865.81308	13850.93982
4200	4500	8613.83161	10969.12136	10624.47806	8609.40177	9816.37627	9206.01769	11670.08061	11298.37705	7681.39444	8887.76749	9488.30017	10114.58687	9233.41489	7607.89673	9242.67551	10470.24621	10061.88965	9088.15833	8913.98038	10830.31842	10930.2242	8856.97557	9716.14671	9077.59741	11010.04729	11127.42658	10028.74742	9243.07234	9853.62298	10456.43882	8958.38066	5785.41573	13367.53446	10779.79885	11761.04892	10678.61602	14119.14828	14270.31894	12442.63327	11598.92285	13701.00382	11825.99095	14417.53585	12239.23995	13353.3298	13291.89023	11908.83263	13960.87149	14560.34386	13892.24148	12617.05399	12140.91528	11297.29201	13133.15546	12477.35825	12135.12393	14079.43578	11406.63419	12822.0595	11817.23156	12829.39645	12496.79384	13102.52483	12383.60788	11819.0129	12618.03514	12326.5281	13605.55281	12511.22942	14915.45049	13651.54281	13796.86312	12509.27701	12328.49189	13366.03175	10231.90567	14120.97955	12978.55315	14006.48929	13489.18613	12672.86157	13950.99881	14726.56022	13176.01961	13046.43546	12448.18638	10130.26506	13008.82123	14240.18887	13529.1862	14454.13461	11624.83095	12818.77467	11736.77307	13097.95483	12606.50956	13666.26562	11975.24557	11831.07814	12670.21532	12448.82371	12853.71419	11581.20826	14937.494	13785.15093	14049.32847	13530.93916	13986.6608	14044.26535	12663.57243	14064.43272	13848.53835	14317.94738	13429.22087	13358.44283	14813.87238	14060.59462	14503.75206	14554.96908	10985.07049	13332.61952	14304.60705	14140.0547	14263.89977	13899.84702	12639.65165	13444.05036	13539.53024	13371.11441	13528.67867	15208.41915	14685.7072	13352.67163	14319.28362	13872.45026	16128.81579	13951.25522	15090.82642	13881.49708	13472.6165	13705.96435	13832.7794	14092.43299	11218.8227	13810.1401	13728.97133	14624.52057	13644.53725	14079.49807	14372.415	14724.54845	13951.27395	14064.16563	11314.90681	12668.27467	13865.54601	15471.85829	14348.73353	14552.66575	12582.83055	14049.93583	13187.45518	13744.61801	13565.36709	15292.1272	14344.60874	13408.07172	14278.29233	13878.89921	15138.67117	14822.0645	14679.76346	13712.81857	13420.57914	13034.6095
4500	4800	8657.00224	11520.79793	9506.6656	8361.42132	9212.57331	8583.61603	11837.5416	10423.00192	7957.30726	7460.58589	8671.95939	10239.70802	11017.62055	7231.31201	8105.43229	10738.03547	13107.54443	9126.02997	8215.03976	10000.17249	10135.95096	8595.50841	9246.61051	8651.99469	11290.68491	10941.61939	9172.88261	9227.85921	7820.63287	9489.12734	8587.85859	6538.50379	12789.00983	11510.03911	11409.44231	10957.40945	11863.22999	13047.69514	12361.17651	11470.34772	13201.2855	10656.75375	14469.22024	12040.83847	13287.3354	13338.36651	11541.98583	13535.34714	13767.39269	13146.85496	12464.08482	11965.0949	11074.45361	12304.35987	12318.42595	11879.36401	13850.53048	10915.69599	12612.57213	11033.33529	12530.27205	12436.89252	12424.96384	11913.44718	11682.02187	12615.85353	12250.48904	12887.84284	11881.46146	15293.03793	13007.75748	14013.49869	11934.72796	11856.75765	12715.66752	10617.68166	14096.09891	12243.60298	13174.31198	13665.2536	11974.36593	13168.4232	13821.35178	12727.18471	13094.59703	11866.26067	9932.44836	13166.11394	13509.36271	12948.79569	13796.98966	11436.68593	12060.92082	11599.72344	12543.357	12543.24279	13012.34081	11367.01818	11381.61727	12484.57927	11915.68285	12665.47787	10783.95968	14003.56693	12718.84079	13384.60042	13129.50466	13966.41095	13147.78303	11746.63351	13787.7601	12845.73045	13806.0095	12722.99169	13072.84252	13995.98419	12855.02475	14293.09002	13745.82484	10381.72429	12294.47703	14105.9318	14031.19161	13824.24913	13463.89621	12381.01316	13142.48643	13006.21409	12884.24038	13063.62077	14285.59462	14291.7536	12941.80808	13743.00982	13490.14498	15282.10789	12842.67729	15942.15038	13706.92814	13632.32186	12827.72763	13609.94193	13299.20709	11378.33539	13207.74135	12928.02545	13710.34847	13345.2079	13389.08093	13924.17031	13779.29581	13137.9612	13753.90723	10318.86515	11856.42178	13981.68178	15197.10199	14202.41698	13902.94088	12467.31817	12802.64147	13082.42414	13302.05933	13159.01708	14490.81089	13687.52293	12913.32678	13836.00371	13036.5184	15479.15176	12193.67442	15064.49141	13249.15485	12606.95238	12749.38231
4800	5100	7813.0993	9827.94964	9393.28524	8079.98784	9182.45493	8102.63032	10834.95229	9694.73673	7894.85667	7802.34552	8029.13772	9365.01967	9388.6462	6785.36233	8458.7873	9792.82654	12051.24072	8517.20374	8472.35421	10102.97736	9154.91041	8093.01785	8425.92845	8475.77479	10578.40039	9705.19908	9581.77256	8519.5599	8481.67607	9063.28291	8015.68966	4679.12357	11640.21209	10098.47912	11355.74248	11440.80578	11882.54712	13254.53964	11166.55006	11170.99876	12879.97277	9591.09699	13440.39773	11617.22588	13061.46916	12763.52927	11553.27779	13117.40264	13350.91242	12211.26505	11553.66368	10797.35773	9702.94048	12135.25576	12242.20678	10886.68401	13884.98687	10740.70502	12322.03373	10954.28997	12052.08007	12211.57693	12320.20447	11405.78471	11147.71172	11832.19242	11514.47858	12677.62849	12787.55422	14033.64645	12793.56218	13274.78175	11699.28377	11183.47337	12851.33016	10181.18159	13340.3206	12117.49052	12869.05019	12774.89936	11771.35897	12624.57931	13486.37248	12203.71257	12542.77582	10917.6685	10130.43311	12191.25802	13086.86849	12860.28628	13861.82878	10971.6747	11446.01327	11063.24572	12132.7779	12092.93103	12828.64284	11128.21513	10909.80215	12033.79953	11374.01793	11592.86716	10781.46234	13588.6515	13411.12621	13201.2104	12210.16343	13138.79947	13633.13708	11300.78289	12812.73101	12601.13609	13612.53301	12784.89068	12952.63986	13439.7796	12723.77421	12951.68281	13140.52518	10009.10096	11621.02359	13157.62183	14499.10937	13246.37874	12886.50538	11682.44051	12708.70454	12543.78995	12245.6707	11540.41436	14241.70528	13048.02968	12345.67586	13229.95415	12752.99443	14681.80117	14287.54447	13623.70208	12433.61649	13567.88001	12997.74686	12855.27895	13848.00667	11131.6506	13141.12926	12585.97669	13397.27423	13046.34128	13190.66774	12676.7322	13257.94659	12260.80045	13455.97808	10475.02314	12238.98668	12942.90863	14121.10309	14272.89304	13789.89904	11629.70701	12172.41283	12316.66445	12659.99692	14001.00152	14350.60595	13338.71018	12443.66038	13150.1703	12256.21064	14055.21876	11443.37394	14589.16699	13178.13773	12055.10566	11830.16468
5100	5400	7577.82721	10357.86775	8676.76778	8013.94189	8121.40646	8718.07111	10286.80258	9359.50794	6751.45906	7403.03541	7946.50343	8455.87771	9247.91075	6209.72276	7424.6606	9028.83726	9145.22119	7277.3362	6892.16826	9018.34074	9544.60544	7863.42969	8357.15306	7495.34822	9885.26639	10100.05721	8444.34774	7938.80148	7325.07499	8646.62803	7201.23523	5152.42265	11323.33544	9570.5251	9547.53337	9121.77618	11639.39424	12777.96756	11263.02386	10636.73694	12837.24134	11385.94167	13402.50828	11290.7809	12631.36307	11984.57089	10972.25437	12907.40806	13336.54664	12832.02697	11628.27455	9668.93582	9995.86575	11604.84507	11479.68134	12173.64465	13645.92158	10387.70067	11582.52156	10570.17952	11698.75198	11047.00575	11747.08505	11241.70658	10963.0017	11475.44572	11127.50593	12082.14705	12430.46924	13509.26403	12833.16021	12865.18858	11624.55431	10907.56123	12010.16875	9740.92397	12680.64824	12120.31217	12140.93263	12838.79305	11416.01389	12417.8101	12825.81176	11903.91961	11878.20575	10778.2677	9497.49937	12140.88057	12190.57208	12174.96575	12459.16151	10654.21327	11840.7328	10669.78684	12447.93197	10957.45794	12407.88823	10731.33266	10770.05616	11452.42124	11085.0259	12432.65136	10155.07946	13420.15641	12070.20525	13096.2059	12434.33503	12561.9683	13111.33478	10686.44372	12781.12128	12602.17449	13437.49397	11767.18564	11957.09769	13679.32244	12544.47883	13120.8843	13299.06297	8668.28596	11506.24056	13120.62679	13686.83036	13115.97626	12890.94011	11068.10516	11525.79633	11825.08272	12264.38106	11419.59715	13745.15531	13005.31707	12027.40372	12709.28896	12387.20792	15311.47634	13202.57737	13944.21622	12929.8625	12379.55951	11326.06233	11944.55895	12083.56497	9773.12577	12398.20033	12606.81436	12395.95432	12775.1213	12607.50979	12797.93602	12619.71	11795.90647	12756.18395	9413.56861	11144.29488	12917.78897	14114.70463	13440.3169	11975.48179	11543.89538	11924.16091	12097.993	12851.4988	10930.30949	13254.56009	12487.64965	12105.61567	12189.65556	12051.97004	13815.46288	11431.49171	13064.83447	12671.77595	11771.32842	11317.89731
